<?xml version="1.0" encoding="UTF-8" standalone="yes"?>
<businessObjectModel>
    <businessObjects>
        <businessObject qualifiedName="mx.org.inai.viajesclaros.admin.model.SolicitudVacaciones">
            <fields>
                <field type="LONG" length="255" name="solicitanteId" nullable="false" collection="false"/>
                <field type="DATE" length="255" name="diaInicio" nullable="false" collection="false"/>
                <field type="INTEGER" length="255" name="numDias" nullable="false" collection="false"/>
                <field type="BOOLEAN" length="255" name="aprobado" nullable="true" collection="false"/>
            </fields>
            <uniqueConstraints/>
            <queries/>
            <indexes/>
        </businessObject>
        <businessObject qualifiedName="mx.org.inai.viajesclaros.admin.model.SolicitudComision">
            <fields>
                <field type="INTEGER" length="255" name="idComision" nullable="false" collection="false"/>
                <field type="BOOLEAN" length="255" name="aprobado" nullable="true" collection="false"/>
                <field type="STRING" length="255" name="comentarios" nullable="true" collection="false"/>
            </fields>
            <uniqueConstraints/>
            <queries/>
            <indexes/>
        </businessObject>
    </businessObjects>
</businessObjectModel>
