-- MySQL dump 10.13  Distrib 5.7.9, for Win64 (x86_64)
--
-- Host: 172.20.32.34    Database: viajes_claros
-- ------------------------------------------------------
-- Server version	5.5.46

/*!40101 SET @OLD_CHARACTER_SET_CLIENT=@@CHARACTER_SET_CLIENT */;
/*!40101 SET @OLD_CHARACTER_SET_RESULTS=@@CHARACTER_SET_RESULTS */;
/*!40101 SET @OLD_COLLATION_CONNECTION=@@COLLATION_CONNECTION */;
/*!40101 SET NAMES utf8 */;
/*!40103 SET @OLD_TIME_ZONE=@@TIME_ZONE */;
/*!40103 SET TIME_ZONE='+00:00' */;
/*!40014 SET @OLD_UNIQUE_CHECKS=@@UNIQUE_CHECKS, UNIQUE_CHECKS=0 */;
/*!40014 SET @OLD_FOREIGN_KEY_CHECKS=@@FOREIGN_KEY_CHECKS, FOREIGN_KEY_CHECKS=0 */;
/*!40101 SET @OLD_SQL_MODE=@@SQL_MODE, SQL_MODE='NO_AUTO_VALUE_ON_ZERO' */;
/*!40111 SET @OLD_SQL_NOTES=@@SQL_NOTES, SQL_NOTES=0 */;

--
-- Dumping data for table `areas`
--
--
use viajes_claros;


LOCK TABLES `areas` WRITE;
/*!40000 ALTER TABLE `areas` DISABLE KEYS */;
INSERT INTO `areas` VALUES (1,'Finanzas',1),(2,'Comisiones',1),(3,'Abogacia',1),(4,'Externa',3);
/*!40000 ALTER TABLE `areas` ENABLE KEYS */;
UNLOCK TABLES;

--
-- Dumping data for table `buscador_despliegue_config`
--

LOCK TABLES `buscador_despliegue_config` WRITE;
/*!40000 ALTER TABLE `buscador_despliegue_config` DISABLE KEYS */;
INSERT INTO `buscador_despliegue_config` VALUES (1,'','ciudad_destino'),(1,'','ciudad_origen'),(1,'','costo_total'),(2,'','fecha_hora_regreso'),(1,'','fecha_hora_salida'),(2,'','fecha_hora_salida'),(3,'','fecha_hora_salida'),(1,'','tipo_pasaje'),(1,'','tipo_viaje'),(1,'personas','apellido_paterno'),(1,'personas','nombres');
/*!40000 ALTER TABLE `buscador_despliegue_config` ENABLE KEYS */;
UNLOCK TABLES;

--
-- Dumping data for table `buscador_filtros_config`
--

LOCK TABLES `buscador_filtros_config` WRITE;
/*!40000 ALTER TABLE `buscador_filtros_config` DISABLE KEYS */;
INSERT INTO `buscador_filtros_config` VALUES (1,'','pais_origen','LIKE'),(1,'','tipo_pasaje','='),(1,'','tipo_viaje','='),(3,'','desc_comision','LIKE');
/*!40000 ALTER TABLE `buscador_filtros_config` ENABLE KEYS */;
UNLOCK TABLES;

--
-- Dumping data for table `campos_base`
--

LOCK TABLES `campos_base` WRITE;
/*!40000 ALTER TABLE `campos_base` DISABLE KEYS */;
INSERT INTO `campos_base` VALUES ('categoria','nombre_categoria',2,'Categoría','Categoría',0,2,NULL),('ciudades','nombre_ciudad',2,'Ciudad','Ciudad',0,2,NULL),('dependencias','nombre_dependencia',2,'Dependencia','Dependencia',0,2,NULL),('dependencias','siglas',2,'Siglas','Siglas',1,2,NULL),('estados','nombre_estado',2,'Estado','Estado',0,1,NULL),('paises','clave_pais',2,'País','País',0,1,NULL),('paises','nombre_pais',2,'Nombre Pa','Nombre Pa',0,1,NULL),('personas','apellido_materno',2,'Apellido Materno','Apellido Materno',1,1,'funcionario'),('personas','apellido_paterno',2,'Apellido Paterno','Apellido Paterno',1,1,'funcionario'),('personas','cargo',2,'Cargo','Cargo',0,1,'funcionario'),('personas','fecha_ingreso',3,'Fecha de ingreso a ls institución','Fecha de ingreso',NULL,3,'funcionario'),('personas','nombres',2,'Nombre(s)','Nombre(s)',1,1,'funcionario'),('tipo_persona','descripcion',2,'Tipo Persona','Tipo Persona',0,1,NULL);
/*!40000 ALTER TABLE `campos_base` ENABLE KEYS */;
UNLOCK TABLES;

--
-- Dumping data for table `campos_dinamicos`
--

LOCK TABLES `campos_dinamicos` WRITE;
/*!40000 ALTER TABLE `campos_dinamicos` DISABLE KEYS */;
INSERT INTO `campos_dinamicos` VALUES ('aerolinea_ida',2,NULL,'Aerolínea del vuelo de  ida','Aerolínea de ida',0,1,'informacion_vuelo'),('aerolinea_regreso',2,NULL,'Aerolínea del vuelo de regreso','Aerolínea de regreso',0,1,'informacion_vuelo'),('antecedentes_comision',2,NULL,'Antecedentes de la comisión','Antecedentes',0,1,'comision'),('area_funcionario',2,NULL,'Área de Adscripción','Área de Adscripción',0,1,'funcionario'),('boleto_ida',2,NULL,'Número de Boleto Ida','Número de Boleto Ida',0,1,'comision'),('boleto_vuelta',2,NULL,'Número de Boleto Vuelta','Número de Boleto Vuelta',0,1,'comision'),('cargos_servicio_ida',1,NULL,'Cargos Por Servicio Ida','Cargos Por Servicio Ida',0,1,'comision'),('cargos_servicio_vuelta',1,NULL,'Cargos Por Servicio Vuelta','Cargos Por Servicio Vuelta',0,1,'comision'),('cargo_funcionario',2,NULL,'Cargo del funcionario (datos histórico)','Cargo',0,1,'funcionario'),('ciudad_destino',2,NULL,'Ciudad destino','Ciudad destino',0,1,'tipo_viaje'),('ciudad_origen',2,NULL,'Ciudad origen','Ciudad origen',0,1,'tipo_viaje'),('comparador',1,3,'Comparador','Comparador',0,2,'comision'),('comprobante_gasto',2,28,'Comprobante del Gasto','Comprobante del Gasto',0,2,NULL),('concepto_gasto',2,26,'Concepto','Concepto',0,2,NULL),('costo_boleto_ida',1,NULL,'Costo Boleto Ida','Costo Boleto Ida',0,1,'comision'),('costo_boleto_vuelta',1,NULL,'Costo del Boleto de Vuelta','Costo del Boleto de Vuelta',0,1,'comision'),('costo_cambio_ida',1,NULL,'Costo Generado por Cambio ida','Costo Generado por Cambio ida',0,1,'comision'),('costo_cambio_vuelta',1,NULL,'Costo Generado por Cambio vuelta','Costo Generado por Cambio vuelta',0,1,'comision'),('costo_total',1,NULL,'Costo total del viaje','Costo total',0,1,'viaticos'),('costo_total_hospedaje',1,NULL,'Costo total del hospedaje','Costo total hospedaje',0,1,'viaticos'),('costo_viaticos',1,NULL,'Costo total de viáticos','Costo total de viáticos',0,1,'viaticos'),('cuenta_por_pagar',2,NULL,'Cuenta por Pagar','Cuenta por Pagar',0,1,'comision'),('desc_comision',2,NULL,'Descripción Comisión','Descripción',0,1,'comision'),('EDCA_fecha_actualizacion',3,NULL,'Área(s) o unidad(es) administrativa(s) que genera(n) o posee(n) la información respectiva y son responsables de publicarla y actualizarla ','Fecha de actualización',0,3,'informe_comision'),('EDCO_actividades_realizadas',2,NULL,'Breve descripción de las actividades realizadas por el servidor público en la comisión, contemplando el programa y su agenda de trabajo.','Actividades realizadas',0,1,'informe_comision'),('EDCO_area_adscripcion',2,45,'Área de adscripción o unidad administrativa (de acuerdo con el catálogo de unidades administrativas o puestos si así corresponde).','Área de adscripción',0,2,'funcionario'),('EDCO_ciudad_de_destino',2,NULL,'Ciudad donde se realizará la comisión.','Ciudad donde se realizará la comisión.',0,1,'informacion_vuelo'),('EDCO_ciudad_de_origen',2,NULL,'Ciudad donde inicia la comisión.','Ciudad de origen.',0,1,'informacion_vuelo'),('EDCO_clave_de_partida',2,43,'Clave de la partida de cada uno de los conceptos correspondientes, con base en el Clasificador por Objeto del Gasto o Clasificador Contable que aplique.','Número de partida',0,2,'comision'),('EDCO_conclusiones',2,NULL,'Breve descripción de las conclusiones que produjo la comisión.','Conclusiones',0,1,'comision'),('EDCO_contribuciones',2,NULL,'Breve descripción de las contribuciones que la comisión y la participación del servidor público  generan al sujeto obligado.','Contribuciones',0,1,'comision'),('EDCO_denominacion_del_cargo',2,40,'Denominación del cargo del servidor público que es enviado a comisión.','Denominación del cargo',0,2,'funcionario'),('EDCO_denominacion_del_puesto',2,39,'Clave o nivel del puesto del servidor público que es enviado a comisión.','Denominación del puesto',0,2,'funcionario'),('EDCO_denominacion_de_comision',2,NULL,'Indica el nombre del  encargo o comisión','Denominación del encargo o  comisión',0,1,'comision'),('EDCO_denominacion_de_partida',2,44,'Denominación de la partida de cada uno de los conceptos correspondientes, los cuales deberán ser armónicos con el Clasificador por Objeto del Gasto o Clasificador Contable que aplique. ','Denominación de la partida',0,2,'informe_comision'),('EDCO_ejercicio',NULL,NULL,'Es el periodo comprendido entre el 1° de enero y el 31 de diciembre de cada año.','Ejercicio',0,NULL,'comision'),('EDCO_estado_de_destino',2,NULL,'Estado donde se realizará la comisión.','País de destino',0,1,'informacion_vuelo'),('EDCO_estado_de_origen',2,NULL,'Estado donde inicia la comisión.','Estado de orígen',0,1,'comision'),('EDCO_fecha_informe',3,NULL,'Fecha de entrega del informe de la comisión o encargo encomendado, con el formato: día / mes / año','Fecha de entrega del informe',0,3,'informe_comision'),('EDCO_fecha_validacion',NULL,NULL,'Fecha de validación de la información publicada.','Fecha de validación',0,NULL,'comision'),('EDCO_hipervinculo_facturas',2,NULL,'Hipervinculo a las facturas o comprobantes que soporten las erogaciones realizadas','Facturas',0,1,'informe_comision'),('EDCO_hipervinculo_informe',2,NULL,'Hipervínculo al informe de la comisión o encargo','Hipervínculo al informe ',0,1,'informe_comision'),('EDCO_importe_acompaniantes',1,NULL,'Importe ejercido por el total de acompañantes del servidor público que es enviado a comisión.','Importe ejercido por el total de acompañantes',0,1,'comision'),('EDCO_importe_no_erogado',1,NULL,'Importe total de viáticos no erogados, derivados del encargo o comisión.','Importe no erogado',0,1,'informe_comision'),('EDCO_importe_por_partida',1,NULL,'Importe ejercido erogado por concepto de viáticos.','Importe ejercido por parida',0,1,'informe_comision'),('EDCO_importe_total_com',NULL,NULL,'Importe total de la comisión','Importe total erogado ',0,NULL,'informe_comision'),('EDCO_motivo_encargo',2,NULL,'Motivo del encargo o comisión','Motivo',0,1,'comision'),('EDCO_nivel_del_puesto',2,38,'Clave o nivel del puesto del servidor público que es enviado a comisión.','Nivel del puesto',0,2,'funcionario'),('EDCO_normatividad',2,NULL,'Hipervínculo a la normatividad que regula los gastos de viáticos.','Normatividad',0,1,'informe_comision'),('EDCO_numero_acompaniantes',NULL,NULL,'Número de personas acompañantes del encargo o comisión del trabajador,  prestador de servicios, servidor(a) público, miembro y/o toda persona que desempeñe un empleo, cargo o comisión  y/o ejerza actos de autoridad en el sujeto obligado comisionado.','Número de personas acompañantes',0,NULL,'informe_comision'),('EDCO_pais_de_destino',2,NULL,'Destino del encargo o comisión (país, estado y ciudad)','País de destino',0,1,'informacion_vuelo'),('EDCO_pais_de_origen',2,NULL,'País donde inicia la comisión.','País de orígen',0,1,'informacion_vuelo'),('EDCO_periodo',2,36,'Trimestre del año que se reporta (enero - marzo, abril - junio, julio - septiembre, octubre - diciembre)','Periodo',0,2,'comision'),('EDCO_periodo_actualizacion',2,36,'Periodo de actualización de la información.','Periodo de actualización',0,2,'informe_comision'),('EDCO_resultados_obtenidos',2,NULL,'Breve descripción de los resultados derivados  de la comisión.','Resultados obtenidos',0,1,'informe_comision'),('EDCO_sexo',2,41,'Sexo del servidor público que es enviado a comisión.','Sexo',0,2,'funcionario'),('EDCO_tipo_de_miembro',2,37,'Toda persona que desempeñe un empleo, cargo o comisión en los sujetos obligados y/o ejerza actos de autoridad en ellos. (Ejemplo: base, confianza, honorarios, eventual, invitado, otro)','Tipo de miembro',0,2,'comision'),('EDCO_tipo_de_viaje',2,42,'Tipo de viaje (Nacional / Internacional)','Tipo de viaje',0,2,'tipo_viaje'),('EDCO_ua_responsable',2,NULL,'Área(s) o unidad(es) administrativa(s) que genera(n) o posee(n) la información respectiva y son responsables de publicarla y actualizarla.','Unidad Administrativa',0,1,'informe_comision'),('estado_destino',2,NULL,'Estado de Destino','Estado',0,1,'comision'),('estado_origen',2,NULL,'Estado de Origen','Estado de Origen',0,1,'comision'),('estatus_boleto_ida',2,35,'Estatus del Boleto de Ida','Estatus del Boleto de Ida',0,2,'comision'),('estatus_boleto_vuelta',2,35,'Estatus del Boleto Vuelta','Estatus del Boleto Vuelta',0,2,'comision'),('factura_ida',2,NULL,'Número de Factura Ida','Número de Factura Vuelta',0,1,'comision'),('factura_vuelta',2,NULL,'Número de Factura Ida','Número de Factura Ida',0,1,'comision'),('fecha_compra_ida',3,NULL,'Fecha de Compra Ida','Fecha de Compra Ida',0,3,'comision'),('fecha_compra_vuelta',3,NULL,'Fecha de Compra Vuelta','Fecha de Compra Vuelta',0,3,'comision'),('fecha_gasto',3,NULL,'Fecha','Fecha',0,3,NULL),('fecha_hora_regreso',3,NULL,'Fecha y Hora Regreso','Fecha y Hora Regreso',0,3,'tipo_viaje'),('fecha_hora_salida',3,NULL,'Fecha y Hora Salida','Fecha y Hora Salida',0,3,'tipo_viaje'),('fecha_regreso_comision',3,NULL,'Fecha de la Salida de la Comisión','Regreso',0,3,'comision'),('fecha_salida_comision',3,NULL,'Fecha de Salida de la Comisión','Salida',0,3,'comision'),('fecha_solicitud_cambio_ida',3,NULL,'Fecha de solicitud de cambio ida','Fecha de solicitud de cambio vuelta',0,3,'comision'),('fecha_solicitud_cambio_vuelta',3,NULL,'Fecha de solicitud de cambio vuelta','Fecha de solicitud de cambio vuelta',0,3,'comision'),('fecha_solicitud_comision',3,NULL,'Fecha de Solicitud de Comisión','Fecha de Solicitud',0,3,'comision'),('fecha_solicitud_viaticos',3,NULL,'Fecha Solicitud','Fecha Solicitud',0,3,'viaticos'),('folio_reintegro',2,NULL,'Folio Reintegro','Folio Reintegro',0,1,'comision'),('gasto_pasaje',1,NULL,'Gasto de Pasaje','Gasto de Pasaje',0,1,'comision'),('homologacion',2,22,'Homologación','Homologación',0,2,'comision'),('hora_regreso_comision',3,NULL,'Hora de Regreso de la Comisión','Hora',0,3,'comision'),('hora_salida_comision',3,NULL,'Hora de Salida de la Comisión','Hora',0,3,'comision'),('importe_gasto_pesos',1,NULL,'Importe del Gasto en Pesos','Importe del Gasto en Pesos',0,1,NULL),('importe_moneda_gasto',1,NULL,'Importe','Importe',0,1,NULL),('INAI_area_adscripcion',2,50,'Nombre del área administrativa a la que pertenece el servidor público o funcionario.','Área de adscripción',0,2,'funcionario'),('INAI_cargo_autoridador',2,NULL,'Cargo del servidor público que autorizó la comisión','Cargo',0,1,'comision'),('INAI_clave_puesto',2,47,'Clave o nivel del puesto del servidor público que es enviado a comisión.','Clave del puesto',0,2,'funcionario'),('INAI_correo_sp',2,NULL,'Correo institucional del servidor público','Correo',0,1,'funcionario'),('INAI_cve_programa_pre',2,63,'Indica la clave del programa presupuestal','Clave del programa',0,2,'comision'),('INAI_cve_proyecto_estrategico',2,66,'Indica la clave del proyecto estratégico','Clave del proyecto estratégico',0,2,'comision'),('INAI_cve_ua',2,64,'Clave de la Unidad Administrativa','Clave de la Unidad Administrativa ',0,2,'comision'),('INAI_denominacion_cargo',2,49,'Denominación del cargo del servidor público que es enviado a comisión.','Denominación del cargo',0,2,'funcionario'),('INAI_denominacion_puesto',2,48,'Denominación del puesto (Eje. \"Subdirector A\")','Denominación del puesto',0,2,'funcionario'),('INAI_dias_con_pernocta',NULL,NULL,'Número de días viaticados con pernocta','Días con pernocta',0,NULL,'comision'),('INAI_dias_sin_pernocta',NULL,NULL,'Número de días sin pernocta','Días sin pernocta',0,NULL,'comision'),('INAI_estatus_comision',2,NULL,'Estatus de la comisión','Estatus de la comisión',0,1,'comision'),('INAI_estatus_sp',2,52,'Indica si el servidor público se encuentra activo o inactivo en la platilla laboral del Instituto.','Estatus del servidor',0,2,'funcionario'),('INAI_homologacion',2,56,'Indica si el servidor público solicitó homologación de viáticos','Homologación',0,2,'comision'),('INAI_justificacion_homologacion',2,NULL,'Indica la justificación de la homologacion de viáticos','Homologacion',0,1,'comision'),('INAI_moneda',2,60,'Indica la moneda utilizada','Moneda',0,2,'comision'),('INAI_nombre_autorizador',2,NULL,'Nombre del servidor público que autorizó la comisión.','Nombre ',0,1,'comision'),('INAI_numero_acuerdo',2,NULL,'Número de acuerdo del pleno para viajes internacionales','Número de acuerdo',0,1,'comision'),('INAI_numero_oficio',2,NULL,'Indica el número de oficio de autorización de la comisión.','Número de oficio',0,1,'comision'),('INAI_objetivo_especifico',2,NULL,'Indica el objetivo específico del encargo o comisión','Objetivo específico',0,1,'comision'),('INAI_objetivo_estrategico',2,67,'Objetivo estratégico','Objetivo estratégico',0,2,'comision'),('INAI_organizador_evento',2,NULL,'Indica el nombre del organizador del evento','Organizador del evento',0,1,'comision'),('INAI_programa_presupuestal',2,61,'Indica el nombre del programa presupuestal','Programa_presupuestal',0,2,'comision'),('INAI_proyecto_estrategico',2,65,'Indica el nombre del proyecto estratégico','Proyecto estratégico',0,2,'comision'),('INAI_p_apellido_autoridador',2,NULL,'Primer apellido del autorizador','Primer apellido',0,1,'comision'),('INAI_siglas',2,51,'Siglas de la unidad administrativa o área de adscripción','Siglas de la Unidad Administrativa',0,2,'funcionario'),('INAI_s_apellido_autoridador',2,NULL,'Segundo apellido del autorizador','Segundo apellido',0,1,'comision'),('INAI_tarifa_con_pernocta',NULL,NULL,'Tarifa con pernocta','Tarifa con pernocta',0,NULL,'comision'),('INAI_tarifa_sin_pernocta',NULL,NULL,'Tarifa sin pernocta','Tarifa sin pernocta',0,NULL,'comision'),('INAI_tarifa_viaticos',NULL,NULL,'Indica la tarifa correspondiente de viáticos','Tarifa correspondiente de viáticos',0,NULL,'comision'),('INAI_tema',2,68,'Indica el tema del encargo o comisión','Tema',0,2,'comision'),('INAI_tipo_de_miembro',2,46,'Tipo de miembro del sujeto obligado ','Tipo de miembro',0,2,'funcionario'),('INAI_tipo_de_pago',2,58,'Indica el tipo de pago utilizado','Tipo de pago',0,2,'comision'),('INAI_tipo_de_pasaje',2,54,'Indica el tipo de pasaje (aéreo, terrestre, ambos)','Tipo de pasaje',0,2,'informacion_vuelo'),('INAI_tipo_de_zona',2,57,'Indica el tipo de zona a viaticar','Tipo de zona',0,2,'comision'),('INAI_tipo_participacion',2,70,'Indica el tipo de participación del servidor público en el evento o comisión','Tipo de participación',0,2,'comision'),('INAI_vinculo_evento',2,NULL,'Hipervinculo al evento, en caso de aplicar.','Hipervínculo del evento',0,1,'comision'),('INAI_vinculo_notas_inf',2,NULL,'Hipervínculo a notas informativas','Vinculo a notas informativas',0,1,'comision'),('informe_contribucion',2,NULL,'¿Cuáles fueron los logros?','Contribución',0,1,'informe_comision'),('informe_resultados',2,NULL,'Resultados obtenidos de la comisión','Resultados obtenidos',0,1,'informe_comision'),('moneda',2,23,'Moneda','Moneda',0,2,'comision'),('moneda_gasto',2,30,'Moneda','Moneda',0,2,NULL),('monto_anticipado_viaticos',2,NULL,'Monto Anticipado en Pesos','Monto Anticipado en Pesos',0,1,'comision'),('monto_con_pernocta',1,NULL,'Monto Con Pernocta','Monto',0,1,'comision'),('monto_letra',2,NULL,'Monto a Viaticar en Letra','Monto a Viaticar en Letra',0,1,'comision'),('monto_letra_gasto_pasaje',2,NULL,'Monto Gastos Pasaje en Letra','Monto Gastos Pasaje en Letra',0,1,'comision'),('monto_sin_pernocta',1,NULL,'Monto Sin Pernocta','Monto',0,1,'comision'),('motivo_comision',2,NULL,'Motivo de la comisión','Motivo de la comisión',0,1,'comision'),('nacionalidad',2,NULL,'Nacionalidad','Nacionalidad',0,1,'comision'),('nivel_homologacion',2,NULL,'Nivel Homologación','Nivel Homologación',0,1,'comision'),('nombre_evento',2,NULL,'Nombre del evento o actividad','Nombre del evento',0,1,'evento'),('nombre_hotel',2,NULL,'Nombre del hotel','Nombre del hotel',0,1,'viaticos'),('numero_documento_gasto',2,NULL,'Número de Documento','Número de Documento',0,1,NULL),('num_acuerdo',2,NULL,'Número de Acuerdo','Número de Acuerdo',0,1,'comision'),('num_dias_con_pernocta',1,NULL,'Número de Días con Pernocta','Num. Días Con Pernocta',0,1,'comision'),('num_dias_sin_pernocta',1,NULL,'Número de Días Sin Pernocta','Num. Días Sin Pernocta',0,1,'comision'),('num_vuelo',2,NULL,'Número de Vuelo','Número de Vuelo',0,1,'comision'),('num_vuelo_vuelta',2,NULL,'Número de Vuelo Regreso','Número de Vuelo Regreso',0,1,'comision'),('observaciones_gasto',2,NULL,'Observaciones','Observaciones',0,1,NULL),('observaciones_pasaje',2,NULL,'Observaciones','Observaciones',0,1,'comision'),('observaciones_viaticos',2,NULL,'Observaciones','Observaciones',0,1,'comision'),('organizador',2,NULL,'Organizador del Evento','Organizador',0,1,'comision'),('pago_gasto',2,27,'Pago','Pago',0,2,NULL),('pago_viaticos',2,31,'Pago de Viáticos','Pago de Viáticos',0,2,'comision'),('pais_destino',2,NULL,'País destino','País destino',0,1,'tipo_viaje'),('pais_origen',2,NULL,'País origen','País origen',0,1,'tipo_viaje'),('partida',2,NULL,'Partida','Partida',0,1,'comision'),('partida_pasajes',2,NULL,'Partida','Partida',0,1,'comision'),('periodo',2,36,'Periodo que se reporta (trimestral)','Periodo',0,2,'comision'),('prueba',2,NULL,'prueba 1','prueba 1',0,1,'comision'),('reintegro_inai',1,NULL,'Reintegro a Cuenta del INAI','Reintegro a Cuenta del INAI',0,1,'comision'),('reintegro_pasaje',1,NULL,'Reintegro Pasaje','Reintegro Pasaje',0,1,'comision'),('reintegro_viaticos',1,NULL,'Reintegro Viáticos','Reintegro Viáticos',0,1,'comision'),('solicitud_cambio_ida',2,34,'Solicitud de Cambio Ida','Solicitud de Cambio Vuelta',0,2,'comision'),('solicitud_cambio_vuelta',2,34,'Solicitud de Cambio Vuelta','Solicitud de Cambio Vuelta',0,2,'comision'),('suma_pasaje_aereo',1,NULL,'Pasaje Áereo','Pasaje Áereo',0,1,'comision'),('suma_pasaje_terrestre',1,NULL,'Pasaje Terrestre','Pasaje Terrestre',0,1,'comision'),('suma_viaticos_efectivo',1,NULL,'Suma de Viáticos con Comprobante en Efectivo','Suma de Viáticos con Comprobante en Efectivo',0,1,'comision'),('suma_viaticos_sin_comprobante',1,NULL,'Suma de Viáticos Sin Comprobante','Suma de Viáticos Sin Comprobante',0,1,'comision'),('suma_viaticos_tarjeta',1,NULL,'Suma de Viáticos con Tarjeta Coorporativa','Suma de Viáticos con Tarjeta Coorporativa',0,1,'comision'),('tarifa_con_pernocta',1,24,'Tarifa Con Pernocta','Tarifa Con Pernocta',0,1,'comision'),('tarifa_correspondiente',1,NULL,'Tarifa Correspondiente','Tarifa Correspondiente',0,1,'comision'),('tarifa_sin_pernocta',1,25,'Tarifa Sin Pernocta','Tarifa Sin Pernocta',0,1,'comision'),('tipo_cambio_gasto',1,NULL,'Tipo de Cambio','Tipo de Cambio',0,1,NULL),('tipo_de_cambio_viaticos',1,NULL,'Tipo de Cambio','Tipo de Cambio',0,1,'comision'),('tipo_documento_gasto',2,29,'Tipo de Documento','Tipo de Documento',0,2,NULL),('tipo_invitado',2,19,'Tipo de Invitado','Tipo de Invitado',0,2,'comision'),('tipo_pago',2,2,'Tipo de Pago','Tipo de Pago',1,2,'comision'),('tipo_pasaje',2,15,'Aéreo o terrestre','Tipo de pasaje',0,2,'comision'),('tipo_pasaje_ida',2,32,'Tipo de Pasaje Ida','Tipo de Pasaje Ida',0,2,'comision'),('tipo_pasaje_vuelta',2,32,'Tipo de Pasaje Vuelta','Tipo de Pasaje Vuelta',0,2,'comision'),('tipo_representacion',2,18,'Tipo Representacion','Tipo de Representación',0,2,'comision'),('tipo_viaje',2,14,'Nacional o internacional','Tipo de viaje',0,2,'tipo_viaje'),('tipo_zona',2,20,'Tipo de Zona','Tipo de Zona',0,2,'comision'),('total_gastos_comision',1,NULL,'Total de Gatos Comisión','Total de Gatos Comisión',0,1,'comision'),('total_gastos_pasaje',1,NULL,'Total Gastos de Pasaje','Total Gastos de Pasaje',0,1,'comision'),('total_gastos_viaticos',1,NULL,'Total Gastos Viáticos','Total Gastos Viáticos',0,1,'comision'),('unidad_administrativa',2,17,'Unidad Administrativa','Unidad Administrativa',0,2,'funcionario'),('url_evento',2,NULL,'URL del evento','URL del evento',0,1,'evento'),('ViajesClaros_operacion',2,72,'Indica la operación a realizar Altas = I Bajas = E Cambio = C ','Operación',0,2,'comision'),('viaje_redondo',2,33,'Viaje Redondo','Viaje Redondo',0,2,'comision'),('viaticos_comprobados',1,NULL,'Viáticos comprobados','Viáticos comprobados',0,1,'viaticos'),('viaticos_devueltos',1,NULL,'Viáticos devueltos','Viáticos devueltos',0,1,'viaticos'),('viaticos_sin_comprobar',1,NULL,'Viáticos sin comprobar','Viáticos sin comprobar',0,1,'viaticos'),('vigencia_boleto_ida',3,NULL,'Vigencia del boleto ida','Vigencia del boleto vuelta',0,3,'comision'),('vigencia_boleto_vuelta',3,NULL,'Vigencia del boleto vuelta','Vigencia del boleto vuelta',0,3,'comision'),('vinculo_internet',2,NULL,'Vínculo Internet','Vínculo Internet',0,1,'comision');
/*!40000 ALTER TABLE `campos_dinamicos` ENABLE KEYS */;
UNLOCK TABLES;

--
-- Dumping data for table `categoria`
--

LOCK TABLES `categoria` WRITE;
/*!40000 ALTER TABLE `categoria` DISABLE KEYS */;
INSERT INTO `categoria` VALUES (1,'Categoria A',10000,10000),(2,'Categoria B',20000,20000),(3,'Categoria C',30000,30000);
/*!40000 ALTER TABLE `categoria` ENABLE KEYS */;
UNLOCK TABLES;

--
-- Dumping data for table `categoria_campo`
--

LOCK TABLES `categoria_campo` WRITE;
/*!40000 ALTER TABLE `categoria_campo` DISABLE KEYS */;
INSERT INTO `categoria_campo` VALUES ('comision','Comisión'),('evento','Evento'),('funcionario','Funcionario'),('informacion_vuelo','Información de vuelo'),('informe_comision','Informe de comisión'),('observaciones','Observaciones'),('tipo_viaje','Tipo de viaje'),('viaticos','Viáticos');
/*!40000 ALTER TABLE `categoria_campo` ENABLE KEYS */;
UNLOCK TABLES;

--
-- Dumping data for table `ciudades`
--

LOCK TABLES `ciudades` WRITE;
/*!40000 ALTER TABLE `ciudades` DISABLE KEYS */;
INSERT INTO `ciudades` VALUES (1,'Ciudad de México',1,1,'19.431223','-99.131474'),(2,'Monterrey',1,3,'25.683142','-100.316764'),(3,'Guadalajara',1,4,'20.657696','-103.348509'),(7,'Manchester',4,7,'53.4807593','-2.2426305'),(8,'Chetumal',1,6,'18.5001889','-88.3483756'),(9,'Buenos Aires',5,8,'-34.6036844','-58.3815591'),(10,'San Miguel de Allende',1,9,'20.9144491','-100.745235'),(11,'Toluca',1,2,'19.2826098','-99.6556653'),(12,'Santiago',6,10,'-33.4488897','-70.6692655'),(13,'Vancouver',3,11,'49.2827291','-123.1207375'),(14,'Saltillo',1,12,'25.4267244','-100.9954254'),(15,'Ningbo',7,12,'29.868336','121.54399'),(16,'Washington, D. C.',2,14,'38.8031495','-77.11974'),(17,'San Salvador',8,15,'13.6929403','-89.2181911'),(18,'Port Louis',9,16,'-20.348404','57.55215200000001'),(19,'Brasilia',10,17,'-14.235004','-51.92528'),(20,'Mexicali',1,18,'32.6245389','-115.4522623'),(21,'Durango',1,19,'24.026297','-104.653556'),(22,'Chalco',1,2,'19.262254','-98.896906');
/*!40000 ALTER TABLE `ciudades` ENABLE KEYS */;
UNLOCK TABLES;

--
-- Dumping data for table `configuracion_aprobacion`
--

LOCK TABLES `configuracion_aprobacion` WRITE;
/*!40000 ALTER TABLE `configuracion_aprobacion` DISABLE KEYS */;
INSERT INTO `configuracion_aprobacion` VALUES (2,'Aprobaciones Presidencia',1,1,NULL,7,0),(4,'Aprobaciones Pleno',1,1,NULL,6,0),(5,'Aprobaciones DGA',1,1,NULL,5,0),(6,'Aprobaciones DGA Viaticos',2,1,NULL,5,0),(7,'Aprobaciones DGA Gastos',3,1,NULL,5,0),(8,'Aprobaciones DGA Publicaciones',4,1,NULL,5,0),(9,'Aprobaciones Jefatura Comisiones',1,1,2,9,1),(10,'Aprobaciones Jefatura Abogacia',1,1,3,10,1),(11,'Aprobaciones Jefatura Finanzas',1,1,1,8,1);
/*!40000 ALTER TABLE `configuracion_aprobacion` ENABLE KEYS */;
UNLOCK TABLES;

--
-- Dumping data for table `dependencias`
--

TRUNCATE dependencias;

LOCK TABLES `dependencias` WRITE;
/*!40000 ALTER TABLE `dependencias` DISABLE KEYS */;
INSERT INTO `dependencias` VALUES (1,'INAI','Instituto Nacional de Transparencia, Acceso a la Información y Protección de Datos Personales',1),(2,'INE','Instituto Nacional Electoral',0),(3,'IMSS','Instituto Mexicano del Seguro Social',0),(4,'INAI.','Instituto Nacional de Transparencia, Acceso a la Información y Protección de Datos Personales',0),(5,'EDCO-MX','Estandar de Datos de Comisiones Oficiales, México',0);
/*!40000 ALTER TABLE `dependencias` ENABLE KEYS */;
UNLOCK TABLES;

--
-- Dumping data for table `estados`
--

LOCK TABLES `estados` WRITE;
/*!40000 ALTER TABLE `estados` DISABLE KEYS */;
INSERT INTO `estados` VALUES (1,'Distrito Federal',1),(2,'Estado de México',1),(3,'Nuevo León',1),(4,'Jalisco',1),(5,'Nueva York',2),(6,'Quintana Roo',1),(7,'Manchester',4),(8,'Buenos Aires',5),(9,'Guanajuato',1),(10,'Santiago',6),(11,'Vancouver',3),(12,'Coahuila',1),(13,'Ningbo',7),(14,'Distrito de Columbia',2),(15,'San Salvador',8),(16,'Port Louis',9),(17,'Brasil',10),(18,'Baja California',1),(19,'Durango',1);
/*!40000 ALTER TABLE `estados` ENABLE KEYS */;
UNLOCK TABLES;

--
-- Dumping data for table `flujos_campos_config`
--

LOCK TABLES `flujos_campos_config` WRITE;
/*!40000 ALTER TABLE `flujos_campos_config` DISABLE KEYS */;
INSERT INTO `flujos_campos_config` VALUES (1,'personas','apellido_materno','Apellido Materno',0,1,2,1,5,'SIMPLE',1,NULL),(1,'personas','apellido_paterno','Apellido Paterno',0,1,2,1,4,'SIMPLE',1,NULL),(1,'','area_funcionario','Área',0,1,2,1,2,'SIMPLE',1,NULL),(1,'','cargo_funcionario','Cargo',0,1,2,1,6,'SIMPLE',1,NULL),(1,'','ciudad_destino','Ciudad',0,1,2,2,15,'SIMPLE',0,NULL),(1,'','costo_cambio_ida','Costo Cambio Ida',0,1,2,19,52,'SIMPLE',0,NULL),(1,'','estado_destino','Estado',0,1,2,2,14,'SIMPLE',0,NULL),(1,'','fecha_regreso_comision','Regreso',0,1,2,3,18,'FECHA',0,'fechaRegresoComision'),(1,'','fecha_salida_comision','Salida',0,1,2,3,16,'FECHA',0,'fechaSalidaComision'),(1,'','fecha_solicitud_comision','Fecha de Solicitud',0,1,2,1,1,'FECHA',0,'fechaSolicitud'),(1,'','homologacion','Homologación',1,1,2,4,20,NULL,0,'homologacion'),(1,'','hora_regreso_comision','Hora',0,1,2,3,19,'HORA',0,'horaRegresoComision'),(1,'','hora_salida_comision','Hora',0,1,2,3,17,'HORA',0,'horaSalidaComision'),(1,'','moneda','Moneda',1,1,2,4,32,NULL,0,NULL),(1,'','monto_con_pernocta','Monto',0,1,2,4,30,'SIMPLE',1,'muestraMontoCP'),(1,'','monto_letra','Monto a Viaticar en Letra',0,1,2,4,33,'SIMPLE',0,NULL),(1,'','monto_sin_pernocta','Monto',0,1,2,4,27,'SIMPLE',1,'muestraMontoSP'),(1,'','nivel_homologacion','Nivel Homologación',0,1,2,4,21,'SIMPLE',1,'nivelHomolagacion'),(1,'personas','nombres','Nombre',0,1,2,1,3,'SIMPLE',1,NULL),(1,'','nombre_evento','Nombre del Evento',0,1,2,2,10,'AREA',0,''),(1,'','num_acuerdo','Número de Acuerdo',0,0,2,2,9,'SIMPLE',0,NULL),(1,'','num_dias_con_pernocta','Núm. Días Con Pernocta',0,1,2,4,29,'SIMPLE',0,'calculaMontoCP'),(1,'','num_dias_sin_pernocta','Núm. Días Sin Pernocta',0,1,2,4,26,'SIMPLE',0,'calculaMontoSP'),(1,'','organizador','Organizador',0,0,2,2,11,'AREA',0,NULL),(1,'','pais_destino','País',0,1,2,2,13,'SIMPLE',0,NULL),(1,'','tarifa_con_pernocta','Tarifa Con Pernocta',1,1,2,4,28,'SIMPLE',1,'muestraTarifaCP'),(1,'','tarifa_correspondiente','Tarifa Correspondiente',0,1,2,4,31,'SIMPLE',1,'calculaTarifa'),(1,'','tarifa_sin_pernocta','Tarifa Sin Pernocta',1,1,2,4,25,'SIMPLE',1,'muestraTarifaSP'),(1,'','tipo_pago','Tipo de Pago',1,1,2,4,24,NULL,0,NULL),(1,'','tipo_representacion','Tipo de Representación',1,1,2,2,8,NULL,0,'tipoRepresentacion'),(1,'','tipo_viaje','Tipo de Viaje',1,1,2,2,7,NULL,0,'tipoViaje'),(1,'','tipo_zona','Tipo de Zona',1,1,2,4,23,NULL,0,'tipoZona'),(1,'','unidad_administrativa','Unidad Administrativa',1,1,2,5,53,NULL,0,NULL),(1,'','url_evento','Vínculo de Internet',0,0,2,2,12,'AREA',0,NULL),(2,'','aerolinea_ida','Línea Áerea Ida',0,1,2,19,41,'SIMPLE',0,NULL),(2,'','aerolinea_regreso','Línea Áerea Regreso',0,1,2,19,42,'SIMPLE',0,NULL),(2,'personas','apellido_materno','Apellido Materno',0,1,1,7,3,'SIMPLE',1,NULL),(2,'personas','apellido_materno','Apellido Materno',0,1,2,7,3,'SIMPLE',1,NULL),(2,'personas','apellido_materno','Apellido Materno',0,1,3,7,3,'SIMPLE',1,NULL),(2,'personas','apellido_paterno','Apellido Paterno',0,1,1,7,2,'SIMPLE',1,NULL),(2,'personas','apellido_paterno','Apellido Paterno',0,1,2,7,2,'SIMPLE',1,NULL),(2,'personas','apellido_paterno','Apellido Paterno',0,1,3,7,2,'SIMPLE',1,NULL),(2,'','area_funcionario','Área de Adscripción',0,1,1,7,6,'SIMPLE',1,NULL),(2,'','area_funcionario','Área de Adscripción',0,1,2,7,5,'SIMPLE',1,NULL),(2,'','area_funcionario','Área de Adscripción',0,1,3,7,6,'SIMPLE',1,NULL),(2,'','boleto_ida','Núm Vuelo Ida',0,1,2,19,47,'SIMPLE',0,NULL),(2,'','boleto_vuelta','Núm Vuelo Regreso',0,1,2,19,48,'SIMPLE',0,NULL),(2,'','cargos_servicio_ida','Cargos Servicio Ida',0,1,2,19,52,'SIMPLE',0,'cargosServicioIda'),(2,'','cargos_servicio_vuelta','Cargos Servicio Regreso',0,1,2,19,52,'SIMPLE',0,'cargosServicioVuelta'),(2,'','cargo_funcionario','Puesto',0,1,1,7,8,'SIMPLE',1,NULL),(2,'','cargo_funcionario','Puesto',0,1,2,7,6,'SIMPLE',1,NULL),(2,'','cargo_funcionario','Puesto',0,1,3,7,8,'SIMPLE',1,NULL),(2,'','ciudad_destino','Ciudad',0,1,1,8,16,'SIMPLE',1,NULL),(2,'','ciudad_destino','Ciudad',0,1,2,8,13,'SIMPLE',1,NULL),(2,'','ciudad_destino','Ciudad',0,1,3,8,16,'SIMPLE',1,NULL),(2,'','ciudad_origen','Ciudad Origen',0,1,2,7,9,'SIMPLE',0,NULL),(2,'','costo_boleto_ida','Costo Pasaje Ida',0,1,2,19,49,'SIMPLE',0,'costoPasajeIda'),(2,'','costo_boleto_vuelta','Costo Pasaje Regreso',0,1,2,19,50,'SIMPLE',0,'costoPasajeVuelta'),(2,'','costo_cambio_ida','Costo de Cambio Ida',0,1,2,19,55,'SIMPLE',0,'costoCambioIda'),(2,'','costo_cambio_vuelta','Costo Cambio Vuelta',0,1,2,19,56,'SIMPLE',0,'costoCambioVuelta'),(2,'','cuenta_por_pagar','Cuenta por Pagar',0,1,2,9,14,'SIMPLE',0,NULL),(2,'','estado_destino','Estado',0,1,1,8,15,'SIMPLE',1,NULL),(2,'','estado_destino','Estado',0,1,2,8,12,'SIMPLE',1,NULL),(2,'','estado_destino','Estado',0,1,3,8,15,'SIMPLE',1,NULL),(2,'','estado_origen','Estado Origen',0,1,2,7,8,'SIMPLE',0,NULL),(2,'','estatus_boleto_ida','Estatus Boleto Ida',1,1,2,19,57,'SIMPLE',0,NULL),(2,'','estatus_boleto_vuelta','Estatus Boleto Vuelta',1,1,2,19,58,'SIMPLE',0,NULL),(2,'','factura_ida','Factura Boleto Ida',0,1,2,19,43,'SIMPLE',0,NULL),(2,'','factura_vuelta','Factura Boleto Regreso',0,1,2,19,44,'SIMPLE',0,NULL),(2,'','fecha_compra_ida','Fecha de Compra Ida',0,1,2,19,39,'FECHA',0,'fechaCompraIda'),(2,'','fecha_compra_vuelta','Fecha de Compra Vuelta',0,1,2,19,40,'FECHA',0,'fechaCompraVuelta'),(2,'','fecha_hora_regreso','Fecha Regreso',0,1,2,19,46,'FECHA',0,'fechaHoraRegreso'),(2,'','fecha_hora_salida','Fecha Salida',0,1,2,19,45,'FECHA',0,'fechaHoraSalida'),(2,'','fecha_regreso_comision','Regreso',0,1,1,9,22,'SIMPLE',1,NULL),(2,'','fecha_regreso_comision','Regreso',0,1,2,9,19,'FECHA',1,'fechaRegresoComision'),(2,'','fecha_regreso_comision','Regreso',0,1,3,9,2,'SIMPLE',1,NULL),(2,'','fecha_salida_comision','Salida',0,1,1,9,20,'SIMPLE',1,NULL),(2,'','fecha_salida_comision','Salida',0,1,2,9,17,'FECHA',1,'fechaSalidaComision'),(2,'','fecha_salida_comision','Salida',0,1,3,9,20,'SIMPLE',1,NULL),(2,'','fecha_solicitud_cambio_ida','Fecha Cambio Ida',0,0,2,19,59,'FECHA',0,'fechaSolicitudCambioIda'),(2,'','fecha_solicitud_cambio_vuelta','Fecha Cambio Reg.',0,0,2,19,60,'FECHA',0,'fechaSolicitudCambioVuelta'),(2,'','fecha_solicitud_viaticos','Fecha de Solicitud',0,1,1,10,1,'FECHA',0,NULL),(2,'','fecha_solicitud_viaticos','Fecha de Solicitud',0,1,2,10,1,'FECHA',0,'fechaSolicitudViaticos'),(2,'','fecha_solicitud_viaticos','Fecha de Solicitud',0,1,3,10,1,'FECHA',0,NULL),(2,'','gasto_pasaje','Gasto de Pasaje',0,1,2,19,63,'SIMPLE',1,'gastoPasaje'),(2,'','homologacion','Homologación',1,1,1,9,24,'',1,NULL),(2,'','homologacion','Homologación',1,1,2,9,21,'',1,NULL),(2,'','homologacion','Homologación',1,1,3,9,24,'',1,NULL),(2,'','hora_regreso_comision','Hora',0,1,1,9,23,'',1,NULL),(2,'','hora_regreso_comision','Hora',0,1,2,9,20,'HORA',1,'horaRegresoComision'),(2,'','hora_regreso_comision','Hora',0,1,3,9,23,'SIMPLE',1,NULL),(2,'','hora_salida_comision','Hora',0,1,1,9,21,'SIMPLE',1,NULL),(2,'','hora_salida_comision','Hora',0,1,2,9,18,'HORA',1,'horaSalidaComision'),(2,'','hora_salida_comision','Hora',0,1,3,9,21,'SIMPLE',1,NULL),(2,'','moneda','Moneda',1,1,1,4,35,'SIMPLE',1,NULL),(2,'','moneda','Moneda',1,1,2,9,32,'SIMPLE',1,NULL),(2,'','moneda','Moneda',1,1,3,4,35,'SIMPLE',1,NULL),(2,'','monto_anticipado_viaticos','Monto Anticipado en Pesos en Letra',0,1,2,9,30,'AREA',0,''),(2,'','monto_con_pernocta','Monto',0,1,1,9,32,'SIMPLE',1,NULL),(2,'','monto_con_pernocta','Monto con Pernocta',0,1,2,9,28,'SIMPLE',1,NULL),(2,'','monto_con_pernocta','Monto',0,1,3,9,32,'SIMPLE',1,NULL),(2,'','monto_leta','Monto a Viaticar en Letra',0,1,2,9,33,'AREA',0,NULL),(2,'','monto_letra_gasto_pasaje','Monto Gasto Pasaje en Letra',0,1,2,19,64,'AREA',0,NULL),(2,'','monto_sin_pernocta','Monto',0,1,1,9,29,'SIMPLE',1,NULL),(2,'','monto_sin_pernocta','Monto Sin Pernocta',0,1,2,9,25,'SIMPLE',1,NULL),(2,'','monto_sin_pernocta','Monto',0,1,3,9,29,'SIMPLE',1,NULL),(2,'','nivel_homologacion','Nivel Homologación',0,1,1,9,25,'SIMPLE',1,NULL),(2,'','nivel_homologacion','Nivel Homologación',0,1,2,9,22,'SIMPLE',1,NULL),(2,'','nivel_homologacion','Nivel Homologación',0,1,3,9,25,'SIMPLE',1,NULL),(2,'personas','nombres','Nombre',0,1,1,7,4,'SIMPLE',1,NULL),(2,'personas','nombres','Nombre',0,1,2,7,4,'SIMPLE',1,NULL),(2,'personas','nombres','Nombre',0,1,3,7,4,'SIMPLE',1,NULL),(2,'','nombre_evento','Nombre del Evento',0,1,1,8,13,'AREA',1,NULL),(2,'','nombre_evento','Nombre del Evento',0,1,2,8,10,'AREA',1,''),(2,' ','nombre_evento','Nombre del Evento',0,1,3,8,13,'AREA',1,NULL),(2,'','num_dias_con_pernocta','Num. Días Con Pernocta',0,1,1,9,31,'SIMPLE',1,NULL),(2,'','num_dias_con_pernocta','Núm. Días Con Pernocta',0,1,2,9,27,'SIMPLE',1,''),(2,'','num_dias_con_pernocta','Num. Días Con Pernocta',0,1,3,9,31,'SIMPLE',1,NULL),(2,'','num_dias_sin_pernocta','Num. Días Sin Pernocta',0,1,1,9,28,'SIMPLE',1,NULL),(2,'','num_dias_sin_pernocta','Núm. Días Sin Pernocta',0,1,2,9,24,'SIMPLE',1,''),(2,'','num_dias_sin_pernocta','Num. Días Sin Pernocta',0,1,3,9,28,'SIMPLE',1,NULL),(2,'','observaciones_pasaje','Observaciones',0,0,2,19,65,'AREA',0,NULL),(2,'','pago_viaticos','Pago de Viáticos',1,1,2,9,34,NULL,0,NULL),(2,'','pais_destino','País',0,1,1,8,14,'SIMPLE',1,NULL),(2,'','pais_destino','País',0,1,2,8,11,'SIMPLE',1,NULL),(2,'','pais_destino','País',0,1,3,8,14,'SIMPLE',1,NULL),(2,'','pais_origen','País Origen',0,1,2,7,7,'SIMPLE',0,NULL),(2,'','partida','Partida',0,1,2,9,16,'SIMPLE',0,NULL),(2,'','partida_pasajes','Partida',0,1,2,19,38,'SIMPLE',0,NULL),(2,'','solicitud_cambio_ida','Solicitud de Cambio Ida',1,1,2,19,53,'FECHA',0,NULL),(2,'','solicitud_cambio_vuelta','Solicitud de Cambio Vuelta',1,1,2,19,54,'FECHA',0,NULL),(2,'','tarifa_con_pernocta','Tarifa Con Pernocta',1,1,1,9,30,'SIMPLE',1,NULL),(2,'','tarifa_con_pernocta','Tarifa Con Pernocta',1,1,2,9,26,'SIMPLE',1,NULL),(2,'','tarifa_con_pernocta','Tarifa Con Pernocta',1,1,3,9,30,'SIMPLE',1,NULL),(2,'','tarifa_correspondiente','Tarifa Correspondiente',0,1,2,9,29,'SIMPLE',1,NULL),(2,'','tarifa_sin_pernocta','Tarifa Sin Pernocta',1,1,1,9,27,'SIMPLE',1,NULL),(2,'','tarifa_sin_pernocta','Tarifa Sin Pernocta',1,1,2,9,23,'SIMPLE',1,NULL),(2,'','tarifa_sin_pernocta','Tarifa Sin Pernocta',1,1,3,9,27,'SIMPLE',1,NULL),(2,'','tipo_de_cambio_viaticos','Tipo de Cambio',0,1,2,9,31,'SIMPLE',0,NULL),(2,'','tipo_pasaje','Tipo de Pasaje',1,1,2,19,35,NULL,0,NULL),(2,'','tipo_pasaje_vuelta','Tipo de Pasaje Vuelta',1,1,2,19,36,NULL,0,NULL),(2,'','tipo_viaje','Tipo de Viaje',1,1,1,9,18,NULL,1,NULL),(2,'','tipo_viaje','Tipo de Viaje',1,1,2,9,15,NULL,1,NULL),(2,'','tipo_viaje','Tipo de Viaje',1,1,3,9,18,NULL,1,NULL),(2,'','tipo_zona','Tipo de Zona',1,1,1,9,26,'',1,NULL),(2,'','tipo_zona','Tipo de Zona',1,1,3,9,26,'',1,NULL),(2,'','viaje_redondo','Viaje Redondo',1,1,2,19,37,NULL,0,NULL),(2,'','vigencia_boleto_ida','Vigencia  Boleto Ida',0,1,2,19,61,'FECHA',0,'vigenciaBoletoIda'),(2,'','vigencia_boleto_vuelta','Vigencia Boleto Vuelta',0,1,2,19,62,'FECHA',0,'vigenciaBoletoVuelta'),(3,'personas','apellido_materno','Apellido Materno',0,1,2,12,3,'SIMPLE',1,''),(3,'personas','apellido_paterno','Apellido Paterno',0,1,2,12,2,'SIMPLE',1,''),(3,'','area_funcionario','Área de Adscripción',0,1,2,12,6,'SIMPLE',1,''),(3,'','cargo_funcionario','Puesto',0,1,2,12,8,'SIMPLE',1,''),(3,'','ciudad_destino','Ciudad',0,1,2,13,12,'SIMPLE',1,''),(3,'','costo_total','Total de Gastos de Comisión',0,1,2,17,45,'SIMPLE',1,'gastosComision'),(3,'','costo_total_hospedaje','Total de Gastos de Hospedaje',0,1,2,17,44,'SIMPLE',1,'gastosHospedaje'),(3,'','costo_viaticos','Total de Gastos Viáticos',0,1,2,17,40,'SIMPLE',1,'gastosViaticos'),(3,'','estado_destino','Estado',0,1,2,13,11,'SIMPLE',1,''),(3,'','fecha_regreso_comision','Regreso',0,1,2,14,15,'FECHA',1,''),(3,'','fecha_salida_comision','Salida',0,1,2,14,13,'FECHA',1,''),(3,'','folio_reintegro','Folio Reintegro',0,1,2,18,49,'SIMPLE',0,NULL),(3,'','gasto_pasaje','Gasto de Pasaje',0,1,2,16,34,'SIMPLE',0,''),(3,'','homologacion','Homologación',1,1,2,15,19,'',1,''),(3,'','hora_regreso_comision','Hora',0,1,2,14,16,'HORA',1,''),(3,'','hora_salida_comision','Hora',0,1,2,14,14,'HORA',1,''),(3,'','moneda','Moneda',1,1,2,15,28,'SIMPLE',1,''),(3,'','monto_anticipado_viaticos','Monto Anticipadon en Pesos en Letra',0,1,2,15,30,'AREA',0,''),(3,'','monto_con_pernocta','Monto con Pernocta',0,1,2,15,27,'SIMPLE',1,''),(3,'','monto_letra_gasto_pasaje','Monto Gasto Pasaje en Letra',0,1,2,16,35,'AREA',0,''),(3,'','monto_sin_pernocta','Monto Sin Pernocta',0,1,2,15,24,'SIMPLE',1,''),(3,'','nivel_homologacion','Nivel Homologación',0,1,2,15,20,'SIMPLE',1,''),(3,'personas','nombres','Nombre',0,1,2,12,4,'SIMPLE',1,''),(3,'','nombre_evento','Nombre del Evento',0,1,2,13,9,'AREA',1,''),(3,'','nombre_hotel','Nombre del Hotel',0,1,2,15,18,'SIMPLE',0,NULL),(3,'','num_dias_con_pernocta','Núm. Días Con Pernocta',0,1,2,15,26,'SIMPLE',1,''),(3,'','num_dias_sin_pernocta','Núm. Días Sin Pernocta',0,1,2,15,23,'SIMPLE',1,''),(3,'','observaciones_pasaje','Observaciones',0,0,2,16,36,'AREA',0,''),(3,'','observaciones_viaticos','Observaciones',0,0,2,15,31,'AREA',0,''),(3,'','pago_viaticos','Pago de Viáticos',1,1,2,15,32,'',0,''),(3,'','pais_destino','País',0,1,2,13,10,'SIMPLE',1,''),(3,'','reintegro_inai','Reintegro a Cuenta del INAI',0,1,2,18,48,'SIMPLE',1,'reintegroInai'),(3,'','reintegro_pasaje','Pasaje',0,1,2,18,47,'SIMPLE',0,'reintegroPasajes'),(3,'','suma_pasaje_aereo','Pasaje Áereo',0,1,2,17,41,'SIMPLE',1,'pasajeAereo'),(3,'','suma_pasaje_terrestre','Pasaje Terrestre',0,1,2,17,42,'SIMPLE',1,'pasajeTerrestre'),(3,'','suma_viaticos_tarjeta','Suma de Viáticos con TC',0,1,2,17,39,'SIMPLE',1,'viaticosTarjeta'),(3,'','tarifa_con_pernocta','Tarifa Con Pernocta',1,1,2,15,25,'SIMPLE',1,''),(3,'','tarifa_correspondiente','Tarifa Correspondiente',0,1,2,15,29,'SIMPLE',1,NULL),(3,'','tarifa_sin_pernocta','Tarifa Sin Pernocta',1,1,2,15,22,'SIMPLE',1,''),(3,'','tipo_de_cambio_viaticos','Tipo de Cambio',0,1,2,15,33,'SIMPLE',0,''),(3,'','tipo_viaje','Tipo de Viaje',1,1,2,15,17,'',1,''),(3,'','tipo_zona','Tipo de Zona',1,1,2,15,21,'',1,''),(3,'','total_gastos_pasaje','Total de Gastos de Pasaje',0,1,2,17,43,'SIMPLE',1,'gastosPasaje'),(3,'','viaticos_comprobados','Suma de Viáticos CE',0,1,2,17,37,'SIMPLE',1,'viaticosEfectivo'),(3,'','viaticos_devueltos','Viáticos',0,1,2,18,46,'SIMPLE',0,'reintegroViaticos'),(3,'','viaticos_sin_comprobar','Suma de Viáticos SC',0,1,2,17,38,'SIMPLE',1,'viaticosSinComprobar'),(4,'','antecedentes_comision','Antecedentes de la Comisión',0,1,2,22,11,'AREA',0,NULL),(4,'personas','apellido_materno','Apellido Materno',0,1,2,20,2,'SIMPLE',1,NULL),(4,'personas','apellido_paterno','Apellido Paterno',0,1,2,20,1,'SIMPLE',1,NULL),(4,'','cargo_funcionario','Cargo',0,1,2,20,4,'SIMPLE',1,NULL),(4,'','ciudad_destino','Ciudad Destino',0,1,2,21,10,'SIMPLE',1,NULL),(4,'','estado_destino','Estado Destino',0,1,2,21,9,'SIMPLE',1,NULL),(4,'','informe_contribucion','Informe de Contribuciones',0,1,2,24,13,'AREA',0,NULL),(4,'','informe_resultados','Informe de Conclusiones',0,1,2,25,14,'AREA',0,NULL),(4,'','motivo_comision','Motivo de la Comisión',0,1,2,22,12,'AREA',0,NULL),(4,'personas','nombres','Nombre',0,1,2,20,3,'SIMPLE',1,NULL),(4,'','nombre_evento','Nombre del Evento',0,1,2,21,5,'AREA',1,NULL),(4,'','organizador','Organizador',0,1,2,21,6,'AREA',1,NULL),(4,'','pais_destino','País Destino',0,1,2,21,8,'SIMPLE',1,NULL),(4,'','url_evento','URL del Evento',0,0,2,21,7,'AREA',1,'');
/*!40000 ALTER TABLE `flujos_campos_config` ENABLE KEYS */;
UNLOCK TABLES;

--
-- Dumping data for table `gastos_campos_config`
--

LOCK TABLES `gastos_campos_config` WRITE;
/*!40000 ALTER TABLE `gastos_campos_config` DISABLE KEYS */;
INSERT INTO `gastos_campos_config` VALUES (1,'','fecha_gasto','Fecha',0,1,1,'FECHA'),(2,'','concepto_gasto','Concepto',1,1,2,NULL),(3,'','pago_gasto','Pago',1,1,3,NULL),(4,'','comprobante_gasto','Comprobante',1,1,4,NULL),(5,'','tipo_documento_gasto','Tipo Documento',1,1,5,NULL),(6,'','numero_documento_gasto','Número Documento',0,1,6,'SIMPLE'),(7,'','moneda_gasto','Moneda',1,1,7,NULL),(8,'','importe_moneda_gasto','Importe en Moneda Utilizado',0,1,8,'SIMPLE'),(9,'','tipo_cambio_gasto','Tipo de Cambio',0,1,9,'SIMPLE'),(10,'','importe_gasto_pesos','Importe en Pesos',0,1,10,'SIMPLE'),(11,'','observaciones_gasto','Observaciones',0,0,11,'SIMPLE');
/*!40000 ALTER TABLE `gastos_campos_config` ENABLE KEYS */;
UNLOCK TABLES;

--
-- Dumping data for table `graficas`
--

LOCK TABLES `graficas` WRITE;
/*!40000 ALTER TABLE `graficas` DISABLE KEYS */;
INSERT INTO `graficas` VALUES ('total_viaticos','Total de viáticos gastados',1),('hoteles_mas','Hoteles más visitados',2),('viajes_tipo','Viajes nacionales e internacionales',3),('viajes_transporte','Viajes por tipo',4),('viajes_por_mes','Viajes por mes',5),('ciudades_internacionales','Ciudades internacionales más visitadas',6),('aerolineas','Aerolíneas más usadas',7),('viajes_por_unidad','Viajes por Unidad Administrativa',8);
/*!40000 ALTER TABLE `graficas` ENABLE KEYS */;
UNLOCK TABLES;

--
-- Dumping data for table `graficas_config`
--

LOCK TABLES `graficas_config` WRITE;
/*!40000 ALTER TABLE `graficas_config` DISABLE KEYS */;
INSERT INTO `graficas_config` VALUES (1,1),(2,1),(3,1),(1,2),(3,2),(1,3),(2,3),(3,3),(1,4),(2,4),(1,5),(2,5),(1,6),(1,7),(1,8);
/*!40000 ALTER TABLE `graficas_config` ENABLE KEYS */;
UNLOCK TABLES;


--
-- Dumping data for table `jerarquia_miembros`
--

LOCK TABLES `jerarquia_miembros` WRITE;
/*!40000 ALTER TABLE `jerarquia_miembros` DISABLE KEYS */;
INSERT INTO `jerarquia_miembros` VALUES (4,8,18),(5,9,20),(6,10,19),(7,5,17),(8,6,15),(9,7,16);
/*!40000 ALTER TABLE `jerarquia_miembros` ENABLE KEYS */;
UNLOCK TABLES;

--
-- Dumping data for table `jerarquias`
--
TRUNCATE jerarquias;
LOCK TABLES `jerarquias` WRITE;
/*!40000 ALTER TABLE `jerarquias` DISABLE KEYS */;
INSERT INTO `jerarquias` VALUES (5,'DGA',1),(6,'Pleno',1),(7,'Presidencia',1),(8,'Jefatura Finanzas',1),(9,'Jefatura Comisiones',1),(10,'Jefatura Abogacia',1);
/*!40000 ALTER TABLE `jerarquias` ENABLE KEYS */;
UNLOCK TABLES;

--
-- Dumping data for table `listas_valores`
--
TRUNCATE listas_valores;
LOCK TABLES `listas_valores` WRITE;
/*!40000 ALTER TABLE `listas_valores` DISABLE KEYS */;
INSERT INTO `listas_valores` VALUES (2,'tipo_pago',1),(3,'comparador',1),(4,'tipo_vuelos',1),(11,'tipo_hotel',1),(13,'tipo_autobus',1),(14,'tipo_viaje',1),(15,'tipo_pasaje',1),(16,'tipo_gasolina',1),(17,'unidad_administrativa',1),(18,'tipo_representacion',1),(19,'tipo_invitado',1),(20,'tipo_zona',1),(21,'tipo_pago',1),(22,'homologacion',1),(23,'moneda',1),(24,'tarifa_pernocta',1),(25,'tarifa_sin_pernocta',1),(26,'concepto_gasto',1),(27,'pago_gasto',1),(28,'comprobante_gasto',1),(29,'tipo_documento_gasto',1),(30,'moneda_gasto',1),(31,'pago_viaticos',1),(32,'tipo_pasaje',1),(33,'viaje_redondo',1),(34,'solicitud_cambio',1),(35,'estatus_boleto',1),(36,'EDCO_periodo_actualizacion',1),(37,'EDCO_tipo_miembro',1),(38,'EDCO_nivel_del_puesto',1),(39,'EDCO_denominacion_del_puesto',1),(40,'EDCO_denominacion_del_cargo',1),(41,'EDCO_sexo',1),(42,'EDCO_tipo_de_viaje',1),(43,'EDCO_clave_de_partida',1),(44,'EDCO_denominacion_de_partida',1),(45,'EDCO_area_adscripcion',1),(46,'INAI_tipo_de_miembro',1),(47,'INAI_clave_puesto',1),(48,'INAI_denominacion_puesto',1),(49,'INAI_denominacion_cargo',1),(50,'INAI_area_adscripcion',1),(51,'INAI_siglas_ua',1),(52,'INAI_estatus_sp',1),(53,'INAI_estatus_comision',1),(54,'INAI_tipo_de_pasaje',1),(55,'INAI_tipo_de_representacion',1),(56,'INAI_homologacion',1),(57,'INAI_tipo_de_zona',1),(58,'INAI_tipo_de_pago',1),(59,'INAI_pernocta',1),(60,'INAI_moneda',1),(61,'INAI_programa_presupuestal',1),(62,'INAI_proyecto_estrategico',1),(63,'INAI_cve_programa_pre',1),(64,'INAI_cve_ua',1),(65,'INAI_proyecto_estrategico',1),(66,'INAI_cve_proyecto_estrategico',1),(67,'INAI_ojetivo_estrategico',1),(68,'INAI_tema',1),(70,'INAI_tipo_participacion',1),(72,'ViajesClaros_operacion',1);
/*!40000 ALTER TABLE `listas_valores` ENABLE KEYS */;
UNLOCK TABLES;

--
-- Dumping data for table `paises`
--

LOCK TABLES `paises` WRITE;
/*!40000 ALTER TABLE `paises` DISABLE KEYS */;
INSERT INTO `paises` VALUES (1,'MX','México',1),(2,'USA','Estados Unidos de América',0),(3,'CAN','Canadá',0),(4,'UK','Reino Unido',0),(5,'ARG','Argentina',0),(6,'CH','Chile',0),(7,'CHI','China',0),(8,'SLV','El Salvador',0),(9,'MAU','Mauricio',0),(10,'BR','Brasil',0);
/*!40000 ALTER TABLE `paises` ENABLE KEYS */;
UNLOCK TABLES;


--
-- Dumping data for table `personas`
--

LOCK TABLES `personas` WRITE;
/*!40000 ALTER TABLE `personas` DISABLE KEYS */;
INSERT INTO `personas` VALUES (1,'Francisco','Gonzalez','Caballero','Ingeniero','xxx@yyy.com',1,2,3,NULL,'2014-12-31'),(2,'Adrián','Alcalá','Méndez','Ingeniero','xxx@yyy.com',1,2,NULL,NULL,'2013-12-31'),(3,'Pedro','López','','Ingeniero','pedro.lopez@mail.com',1,2,NULL,'Director general','2014-12-31'),(4,'Ricardo','Raya','Aranda','Licenciado','ricardo.raya@mail.com',1,2,NULL,'Jefe de Departamento de Verificación en Materia de Datos Personales','2015-05-31'),(5,'Ximena','Puente','de la Mora','Licenciada','ximena.puente@mail.com',1,2,NULL,'Comisionada Presidente','2014-08-30'),(6,'José de Jesús','Ramírez','Sánchez','Ingeniero','jose.ramirez@mail.com',1,2,NULL,'Coordinador Ejecutivo','2015-01-31'),(7,'Luis Gustavo','Parra','Noriega','Ingeniero','luis.parra@mail.com',1,2,NULL,'Coordinador de Protección de Datos Personales','2015-02-28'),(8,'Eduardo Felipe','Fernández','Sánchez','Ingeniero','eduardo.fernandez@mail.com',1,2,NULL,'Director General de Administración','2014-10-30'),(9,'Tania','Sánchez','','Ingeniero','tania.sanchez@mail.com',1,2,NULL,'Director General','2015-05-01'),(10,'María del Rosario','Vásquez','','Ingeniero','maria.vasquez@mail.com',1,2,NULL,'Director General','2015-03-31'),(11,'Pedro','Romo','González','Señor','promo@inai.gob.mx',1,2,3,'Director General','2015-11-01'),(12,'Rodrigo','Lopez','Cruz','Señor','rlopez@inai.gob.mx',1,1,1,'Comisionado del INAI','2015-02-18'),(13,'Genaro','Lima','Oros','Señor','glima@inai.gob.mx',1,2,3,'','2015-08-12'),(14,'Elsa','Jimenez','Ramos','Señora','ejimenez@inai.gob.mx',1,2,2,'','2015-09-08'),(15,'Rocio','Hernandez','Gastón','Señora','rhernandez@inai.gob.mx',2,2,2,'','2015-09-16'),(16,'Juan','Armendariz','Beltran','Señor','jarmendariz@inai.gob.mx',1,2,1,'','2014-10-08'),(17,'Francisco','Gutierrez','Arcos','Señor','fgutierrez@inai.gob.mx',2,2,1,'','2013-03-28'),(18,'Alma','Gómez','Baros','Señora','agomez@inai.gob.mx',2,2,1,'','2011-07-13'),(19,'Susana','Lozada','Pérez','Señora','slozada@imss.gob.mx',2,2,5,'Jefa de Desarrollo Humano',NULL),(20,'Oscar','Correa','Olmos','Señor','ocorrea@inai.gob.mx',3,2,3,'Configurador','2016-01-11'),(21,'Ismael','Arce','Nuñez','Señor','iarce@inai.gob.mx',2,2,3,'Administrador de Viajes Claros','2015-03-13'),(22,'Claudia Araceli','Cordero','Calleja','Prueba','claudia.cordero@inai.org.mx',1,2,1,'Jefe de departamento','2016-02-01'),(23,'Victor Manuel','Huerta','González','Ing.','victor.huerta@inai.org.mx',1,2,3,'Enlace','2015-09-01');
/*!40000 ALTER TABLE `personas` ENABLE KEYS */;
UNLOCK TABLES;

--
-- Dumping data for table `posiciones`
--

LOCK TABLES `posiciones` WRITE;
/*!40000 ALTER TABLE `posiciones` DISABLE KEYS */;
INSERT INTO `posiciones` VALUES (1,'Jefe'),(2,'Director'),(3,'Analista'),(4,'IBM'),(5,'Externo');
/*!40000 ALTER TABLE `posiciones` ENABLE KEYS */;
UNLOCK TABLES;

--
-- Dumping data for table `secciones_formulario`
--

LOCK TABLES `secciones_formulario` WRITE;
/*!40000 ALTER TABLE `secciones_formulario` DISABLE KEYS */;
INSERT INTO `secciones_formulario` VALUES (1,'Generales','Generales',1,1),(2,'Destino','Destino',1,2),(3,'Detalle Viaje','Viaje',1,3),(4,'Montos','Montos',1,4),(5,'Adicionales','Adicionales',1,5),(7,'Datos del Empleado','datos_empleado',2,2),(8,'Datos del Evento','datos_evento',2,3),(9,'Viáticos Asignados','viaticos_asignados',2,4),(10,'','encabezado_viaticos',2,1),(11,'','encabezado_desglose',3,1),(12,'Datos del Servidor Público','datos_empleado',3,2),(13,'Datos de la Comisión','datos_comision',3,3),(14,'Periodo de la Comisión','periodo_comision',3,4),(15,'Viáticos','viaticos',3,5),(16,'Pasajes','pasajes',3,6),(17,'Gastos de Viáticos y Pasajes','gastos_viaticos_pasajes',3,7),(18,'Reintegro','reintegro',3,8),(19,'Pasajes','pasajes',2,5),(20,'Datos del Funcionario','datos_funcionario',4,1),(21,'Datos de la Comision','datos_comision',4,2),(22,'Justificación','justificacion',4,3),(23,'Actividades Realizadas','actividades_realizadas',4,4),(24,'Contribuciones para el INAI','contribuciones_inai',4,5),(25,'Conclusiones','conclusiones',4,6),(26,'Listado de Documentación de Respaldo','listado_documentacion',4,7);
/*!40000 ALTER TABLE `secciones_formulario` ENABLE KEYS */;
UNLOCK TABLES;

--
-- Dumping data for table `sesiones_login`
--

LOCK TABLES `sesiones_login` WRITE;
/*!40000 ALTER TABLE `sesiones_login` DISABLE KEYS */;
/*!40000 ALTER TABLE `sesiones_login` ENABLE KEYS */;
UNLOCK TABLES;


--
-- Dumping data for table `suscripcion_config`
--

LOCK TABLES `suscripcion_config` WRITE;
/*!40000 ALTER TABLE `suscripcion_config` DISABLE KEYS */;
INSERT INTO `suscripcion_config` VALUES (1,'aerolinea_ida'),(2,'aerolinea_ida'),(1,'aerolinea_regreso'),(2,'aerolinea_regreso'),(1,'antecedentes_comision'),(1,'cargo_funcionario'),(1,'ciudad_destino'),(2,'ciudad_destino'),(1,'ciudad_origen'),(2,'ciudad_origen'),(1,'costo_total'),(1,'costo_total_hospedaje'),(1,'costo_viaticos'),(1,'fecha_hora_regreso'),(1,'fecha_hora_salida'),(1,'informe_contribucion'),(1,'informe_resultados'),(1,'motivo_comision'),(1,'nombre_evento'),(2,'nombre_evento'),(1,'nombre_hotel'),(1,'pais_destino'),(1,'pais_origen'),(1,'tipo_pasaje'),(2,'tipo_pasaje'),(1,'tipo_viaje'),(1,'unidad_administrativa'),(1,'url_evento'),(1,'viaticos_comprobados'),(1,'viaticos_devueltos'),(1,'viaticos_sin_comprobar');
/*!40000 ALTER TABLE `suscripcion_config` ENABLE KEYS */;
UNLOCK TABLES;

--
-- Dumping data for table `usuarios`
--

LOCK TABLES `usuarios` WRITE;
/*!40000 ALTER TABLE `usuarios` DISABLE KEYS */;
INSERT INTO `usuarios` VALUES 
(2,'admin','viVNk4dbcMoGEdWyhxXfEzxRYw/W+n6dXQbU+vQ5JlY=','+KglA/24E0oVsdEKCPCqWg==','Administrador1',1,1,NULL,1,1,2,1,NULL)
,(3,'pedro.lopez','admin','','Administrador',1,1,0,2,1,3,1,NULL)
,(4,'ricardo.raya','admin','','Administrador',1,1,0,2,1,4,1,NULL)
,(5,'ximena.puente','admin','','Administrador',1,1,0,2,1,5,1,NULL)
,(6,'jose.ramirez','MzAAwhpBVmmgGZWu/fXHIIoFWFTYC6oyFVNjtqpeinc=','7XvNRxtw7B/lp3xz3cGi1w==','jose.ramirez',1,0,0,1,1,6,1,NULL)
,(7,'luis.parra','admin','','Administrador',1,1,0,2,1,7,1,NULL)
,(8,'eduardo.fernandez','admin','','Administrador',1,1,0,2,1,8,1,NULL)
,(9,'tania.sanchez','admin','','Administrador',1,1,0,2,1,9,1,NULL)
,(10,'maria.vasquez','admin','','Administrador',1,1,0,2,1,10,1,NULL)
,(11,'VPEREZ','C22kXoRzad+GK9+ng2+Zwd0hZh/ycO8rDsOjWtbC/PE=','xLQND+hpDBYR49jwgW7tLw==','VPEREZ',1,0,0,1,1,1,1,'101')
,(12,'VGARCIA','aZDq7x6VZV77FyEJuP9WUeavI7mCqQaCRU7cBH0kd8g=','i5zGAwONRq+O21YA7l63MA==','VGARCIA',1,0,0,1,1,1,1,'102')
,(13,'PROMO','7Y3p4lLLkRN5A4hgY4GHEg6CO1IGSnmNpnaFh70FXFc=','zJJWo0zfwLBhQZfORs198Q==','Envio de Comisiones',1,0,0,3,1,11,1,'201')
,(14,'RLOPEZ','2wBfJqTPYmws+6EZw4Rcm78dF//K46lb0Z2Ax42ijCM=','upFOqCcD45NxcAGSZdYfSw==','Comisionado',1,0,0,3,1,12,2,'202')
,(15,'GLIMA','oNj3s5n2z+xFWimo4mErO8IO7UtuZZ1CzHrrUqf74yc=','YppV+SmyMpa9PVp0m3AJcQ==','Aprobador Pleno',1,0,0,3,1,13,2,'203')
,(16,'EJIMENEZ','4NhaqfTTdRWS2fIJauzzmd6oFg0efrT/G4q6rlEDwLU=','iQ+BhRWWIIXdbX2VVB2oOA==','Aprobador Presidencia',1,0,0,3,1,14,2,'204')
,(17,'RHERNANDEZ','8vfH1ayA9Aa5RZdSjYQmIJjoOO5W6Va7Z6XvjPbhnnI=','1/7mlL5G3mXJBLQ3jKdrIQ==','Aprobador DGA',1,0,0,3,1,15,2,'205')
,(18,'JARMENDARIZ','NqeOkgpy7g1rp9qqH5sSiDBz21G6mQRWD2WZbj4IABQ=','nNj0+NRtNasSbBy/jRo9Gw==','Jefe Finanzas',1,0,1,3,1,16,1,'206')
,(19,'FGUTIERREZ','i9KjXeKkuAEuiprnfhFAeAxDFXIRHJXeb5264QjRnvM=','bX/hZcbFxbQMJeGa/6TU5Q==','FGUTIERREZ',1,0,1,3,1,17,3,'207')
,(20,'AGOMEZ','y7EYN32p+Z9tAUUtR98MO0m/2n5rA9e1jt+m3WDHS88=','j3ArfmqZVhd79xA+ezpHrQ==','Jefe Comisiones',1,0,1,3,1,18,2,'208')
,(21,'SLOZADA','Q2W5NlHbYldL9ZZnH7dSuzY4otufES0TLpC7dUHkHHU=','Cyccn/hm0pogiCvmhd3iZg==','SLOZADA',1,0,1,4,3,19,4,'209')
,(22,'OCORREA','n4GjPBdbhl1y4vNNxHJFDnHF11T0frBn+w0Z4MLNTHQ=','nT4Bd/pHFinuuUNUqfA5uw==','Configurador',1,0,0,2,1,20,2,'210')
,(23,'IARCE','da6BEL6ywmw4z+TsZrHKz69ZfxzYR1LymdcQu+vJAhA=','Xx1BuS1ssoFVwINqzYd3Mg==','Administrador',1,0,0,1,1,21,2,'211')
,(25,'DGPA2','Mp5N6piNoqk7dZq11Rli672lG6AyZw4nGEMGhC9WAko=','wqr752UTcwvd262hkvlP3w==','DGPA',1,0,1,1,1,20,2,'302')
,(24,'FGONZALEZ','VPk/czTrF9YJtWiozoxvE356VcN/iPuWYJu5v6Pmiu8=','PSao/BXnZws6kj3zzA6ZgQ==','Configurador1',1,1,NULL,2,1,1,2,NULL)
,(26,'VHUERTA','jYWkhnkWRtNSsi77ubkEXsMxYt6I6Z0v/GzVuYXcM6A=','y0I0be35pFYm7hq3DGsx8w==','Usuario Solicitudes',1,0,0,3,1,23,1,'401');
/*!40000 ALTER TABLE `usuarios` ENABLE KEYS */;
UNLOCK TABLES;
--
-- Dumping data for table `valores_dinamicos`
--

LOCK TABLES `valores_dinamicos` WRITE;
/*!40000 ALTER TABLE `valores_dinamicos` DISABLE KEYS */;
INSERT INTO `valores_dinamicos` VALUES (2,'ANT','Anticipados'),(2,'DEV','Devengados'),(3,'<=','<='),(3,'=','='),(3,'>=','>='),(4,'001','Primera clase'),(11,'3s','Tres estrellas'),(11,'4s','Cuatro estrellas'),(11,'5s','Cinco estrellas'),(13,'001','Plus'),(14,'INT','Internacional'),(14,'NAC','Nacional'),(15,'AER','Aéreo'),(15,'TER','Terrestre'),(16,'MAG','Magna'),(16,'PRE','Premium'),(17,'ABO','Abogacía'),(17,'COM','Comisiones'),(17,'FIN','Finanzas'),(18,'AN','Alto Nivel'),(18,'TEC','Técnico'),(19,'EXT','Extranjero'),(19,'NAC','Nacional'),(20,'MASEC','Más Económica'),(20,'MENEC','Menos Económica'),(20,'TZ','Todas las Zonas'),(21,'ANT','Anticipado'),(21,'DEV','Devengados'),(21,'NA','No Aplica'),(22,'NO','No'),(22,'SI','Sí'),(23,'EUR','EUR'),(23,'MXN','MXN'),(23,'USD','USD'),(24,'CP,AN,NO,MASEC','1850'),(24,'CP,AN,NO,MENEC','3600'),(24,'CP,TEC,NO,MASEC','1494'),(24,'CP,TEC,NO,MENEC','2032'),(24,'CP,TEC,SI,MASEC','1850'),(24,'CP,TEC,SI,MENEC','3600'),(24,'SP,INT,TZ','225'),(25,'CP,INT,TZ','450'),(25,'SP,AN,NO,MASEC','925'),(25,'SP,AN,NO,MENEC','925'),(25,'SP,TEC,NO,MASEC','747'),(25,'SP,TEC,NO,MENEC','747'),(25,'SP,TEC,SI,MASEC','925'),(25,'SP,TEC,SI,MENEC','925'),(26,'H,HOSP','Hospedaje'),(26,'PA,CV','Cambio de Vuelo'),(26,'PT,EST','Estacionamiento'),(26,'V,ALIM','Alimentación'),(27,'E','Efectivo'),(27,'TC','Tarjeta Coorporativa'),(28,'NO','No'),(28,'SI','Sí'),(29,'FAC','Factura'),(29,'NA','No Aplica'),(29,'NOT','Nota'),(29,'TICK','Ticket'),(30,'EUR','EUR'),(30,'MXN','MXN'),(30,'USD','USD'),(31,'ANT','Anticipados'),(31,'ANTDEV','Anticipados y Devengados'),(31,'DEV','Devengados'),(32,'AER','Áereo'),(32,'TER','Terrestre'),(33,'No','NO'),(33,'SI','Sí'),(34,'NO','No'),(34,'SI','Sí'),(35,'A','Abierto'),(35,'C','Cancelado'),(35,'O','Ocupado'),(36,'1','enero - marzo'),(36,'2','abril - junio'),(36,'3','julio - septiembre'),(36,'4','octubre - diciembre'),(37,'1','Funcionario'),(37,'2','Servidor público'),(37,'3','Integrante'),(37,'4','Empleado'),(37,'5','Representante popular'),(37,'6','Personal de confianza'),(37,'7','Personal de base'),(37,'8','Prestador de servicios profesionales'),(41,'1','Hombre'),(41,'2','Mujer'),(42,'1','Nacional'),(42,'2','Internacional'),(46,'1','Confianza'),(46,'2','Honorarios'),(47,'1','PA1'),(47,'10','OB4'),(47,'11','OB5'),(47,'12','PC3'),(47,'13','PC5'),(47,'14','OC1'),(47,'15','OD1'),(47,'16','OD2'),(47,'17','OD3'),(47,'18','PC1'),(47,'19','PC2'),(47,'2','PA2'),(47,'20','PC4'),(47,'21','PC6'),(47,'22','OC1'),(47,'23','OB6'),(47,'24','OC3'),(47,'25','OC4'),(47,'26','NB1'),(47,'27','NB2'),(47,'28','NC2'),(47,'29','NC3'),(47,'3','PA3'),(47,'30','MB1'),(47,'31','MB2'),(47,'32','MC2'),(47,'33','MC3'),(47,'34','MC4'),(47,'35','MC5'),(47,'36','MD1'),(47,'37','MD2'),(47,'38','MD3'),(47,'39','MD4'),(47,'4','PA4'),(47,'40','MD5'),(47,'41','KA3'),(47,'42','KB1'),(47,'43','HB1'),(47,'5','PA5'),(47,'6','PA6'),(47,'7','OB1'),(47,'8','OB2'),(47,'9','OB3'),(48,'1','Auxiliar Administrativo'),(48,'10','Coordinador'),(48,'11','Comisionado'),(48,'2','Chofer'),(48,'3','Secretaria'),(48,'4','Enlace de Ponencia / Proyectista / Asesor'),(48,'5','Jefe de Departamento / Consultor / Auditor'),(48,'6','Subdirector de Área'),(48,'7','Director de Área'),(48,'8','Secretario de Ponencia'),(48,'9','Director General / Jefe de Ponencia / Contralor'),(49,'1','Asesor de Información'),(49,'10','Consultor'),(49,'100','Departamento de Normatividad'),(49,'101','Departamento de Operación y Mantenimiento del Ambiente Físico'),(49,'102','Departamento de Planeación'),(49,'103','Departamento de Políticas de Transparencia '),(49,'104','Departamento de Prestaciones y Servicios al Personal'),(49,'105','Departamento de Procesos y Procedimiento'),(49,'106','Departamento de Producción Editorial'),(49,'107','Departamento de Programación de Capacitación de Acceso'),(49,'108','Departamento de Programación'),(49,'109','Departamento de Promoción A'),(49,'11','Contraloría'),(49,'110','Departamento de Promoción B'),(49,'111','Departamento de Promoción C'),(49,'112','Departamento de Promoción y Seguimiento A'),(49,'113','Departamento de Promoción y Seguimiento B'),(49,'114','Departamento de Promoción y Seguimiento C'),(49,'115','Departamento de Prospectiva Regulatoria'),(49,'116','Departamento de Protección de Derechos'),(49,'117','Departamento de Proyectos A'),(49,'118','Departamento de Proyectos B'),(49,'119','Departamento de Redacción A'),(49,'12','Coordinación de Acceso a la Información'),(49,'120','Departamento de Redacción B'),(49,'121','Departamento de Registro'),(49,'122','Departamento de Reportes A'),(49,'123','Departamento de Reportes B'),(49,'124','Departamento de Responsabilidades A'),(49,'125','Departamento de Responsabilidades B'),(49,'126','Departamento de Responsabilidades C'),(49,'127','Departamento de Sanciones A'),(49,'128','Departamento de Sanciones B'),(49,'129','Departamento de Seguimiento de Cumplimientos a EFFF'),(49,'13','Coordinación de Protección de Datos Personales'),(49,'130','Departamento de Seguimiento de Cumplimientos a OPA y EP'),(49,'131','Departamento de Seguimiento de Cumplimientos A'),(49,'132','Departamento de Seguimiento de Cumplimientos B'),(49,'133','Departamento de Seguimiento de Información A'),(49,'134','Departamento de Seguimiento de Información B'),(49,'135','Departamento de Seguimiento y Enlace'),(49,'136','Departamento de Seguimiento'),(49,'137','Departamento de Seguridad de Datos Personales del Sector Privado'),(49,'138','Departamento de Seguridad de Datos Personales del Sector Público'),(49,'139','Departamento de Seguridad de la Información A'),(49,'14','Coordinación del Secretariado Ejecutivo del SNT'),(49,'140','Departamento de Selección de Personal'),(49,'141','Departamento de Servicio Profesional A'),(49,'142','Departamento de Servicio Profesional B'),(49,'143','Departamento de Servicio Profesional C'),(49,'144','Departamento de Sistemas de Acceso a la Información'),(49,'145','Departamento de Soporte Técnico de Asistencia a Escritorio '),(49,'146','Departamento de Sustanciación y Proyectos A'),(49,'147','Departamento de Sustanciación y Proyectos B '),(49,'148','Departamento de Telecomunicaciones'),(49,'149','Departamento de Televisión A'),(49,'15','Coordinación Ejecutiva'),(49,'150','Departamento de Televisión B'),(49,'151','Departamento de Tesorería'),(49,'152','Departamento de Verificación de Cumplimiento A'),(49,'153','Departamento de Verificación de Cumplimiento B'),(49,'154','Departamento de Verificación de Cumplimiento C'),(49,'155','Departamento de Verificación de Materia de Datos Personales B'),(49,'156','Departamento de Verificación del Sector Público A'),(49,'157','Departamento de Verificación del Sector Público B'),(49,'158','Departamento de Verificación del Sector Público C'),(49,'159','Departamento de Verificación del Sector Público D'),(49,'16','Coordinación Técnica del Pleno'),(49,'160','Departamento de Verificación en Materia de Datos Personales A'),(49,'161','Departamento de Verificación en Materia de Datos Personales C'),(49,'162','Departamento de Verificación en Materia de Datos Personales D'),(49,'163','Departamento de Verificación Voluntaria A'),(49,'164','Departamento de Verificación Voluntaria B'),(49,'165','Departamento de Verificación Voluntaria C'),(49,'166','Departamento de Verificación Voluntaria D'),(49,'167','Departamento de Vinculación con Medios y Corresponsales Extranjeros A'),(49,'168','Departamento de Vinculación con Medios y Corresponsales Extranjeros B'),(49,'169','Departamento Médico'),(49,'17','Departamento de Acompañamiento A'),(49,'170','DGCPRI cargo cancelado ACTPUB2008201406'),(49,'171','Dirección de Acompañamiento'),(49,'172','Dirección de Análisis Estadístico'),(49,'173','Dirección de Asuntos Internacionales de Acceso'),(49,'174','Dirección de Asuntos Internacionales de Datos'),(49,'175','Dirección de Atención al Pleno'),(49,'176','Dirección de Auditoría Interna'),(49,'177','Dirección de Capacitación de Acceso'),(49,'178','Dirección de Capacitación de Datos Personales'),(49,'179','Dirección de Colaboración y Programas Interinstitucionales con las Entidades Federativas'),(49,'18','Departamento de Acompañamiento B'),(49,'180','Dirección de Consulta'),(49,'181','Dirección de Coordinación y Seguimiento'),(49,'182','Dirección de Cumplimientos'),(49,'183','Dirección de Derechos Humanos Igualdad y Género'),(49,'184','Dirección de Desarrollo de Políticas'),(49,'185','Dirección de Desarrollo Humano y Organizacional'),(49,'186','Dirección de Difusión'),(49,'187','Dirección de Estadística '),(49,'188','Dirección de Estudios'),(49,'189','Dirección de Evaluación y Desempeño Institucional'),(49,'19','Departamento de Acompañamiento'),(49,'190','Dirección de Facilitación de Políticas'),(49,'191','Dirección de Facilitación del Sector Privado'),(49,'192','Dirección de Facilitación del Sector Público'),(49,'193','Dirección de Gestión de la Unidad de Enlace'),(49,'194','Dirección de Gestión Documental'),(49,'195','Dirección de Gestión'),(49,'196','Dirección de Gobierno Abierto'),(49,'197','Dirección de Inspección'),(49,'198','Dirección de Investigación'),(49,'199','Dirección de lo Consultivo'),(49,'2','Asesor de Políticas'),(49,'20','Departamento de Análisis A'),(49,'200','Dirección de lo Contencioso'),(49,'201','Dirección de Medios'),(49,'202','Dirección de Normatividad y Seguimiento Legislativo'),(49,'203','Dirección de Normatividad'),(49,'204','Dirección de Obligaciones de Transparencia'),(49,'205','Dirección de Planeación Institucional y Monitoreo'),(49,'206','Dirección de Promoción'),(49,'207','Dirección de Recursos Financieros'),(49,'208','Dirección de Recursos Materiales'),(49,'209','Dirección de Responsabilidades y Quejas'),(49,'21','Departamento de Análisis B'),(49,'210','Dirección de Responsabilidades'),(49,'211','Dirección de Sanciones'),(49,'212','Dirección de Seguimiento de Cumplimientos'),(49,'213','Dirección de Seguridad de Datos Personales'),(49,'214','Dirección de Sistemas'),(49,'215','Dirección de Soluciones Tecnológicas '),(49,'216','Dirección de Sustanciación de Protección de Derechos A'),(49,'217','Dirección de Sustanciación de Protección de Derechos B'),(49,'218','Dirección de Transparencia'),(49,'219','Dirección de Verificación del Sector Público'),(49,'22','Departamento de Análisis de Acceso a la Información A'),(49,'220','Dirección de Verificación'),(49,'221','Dirección de Vinculación con la Sociedad'),(49,'222','Dirección de Vinculación y Coordinación con las Entidades Federativas'),(49,'223','Dirección del Centro de Atención a la Sociedad'),(49,'224','Dirección del Registro de Esquemas de Autorregulación'),(49,'225','Dirección General de Administración'),(49,'226','Dirección General de Asuntos Internacionales'),(49,'227','Dirección General de Asuntos Jurídicos'),(49,'228','Dirección General de Atención al Pleno'),(49,'229','Dirección General de Capacitación'),(49,'23','Departamento de Análisis de Acceso a la Información B'),(49,'230','Dirección General de Comunicación Social y Difusión'),(49,'231','Dirección General de Cumplimientos y Responsabilidades'),(49,'232','Dirección General de Enlace con Autoridades Laborales Sindicatos Personas Físicas y Morales'),(49,'233','Dirección General de Enlace con Organismos Electorales y Partidos Políticos'),(49,'234','Dirección General de Enlace con Organismos Públicos Autónomos Empresas Paraestatales Entidades Financieras Fondos y Fideicomisos'),(49,'235','Dirección General de Enlace con Sujetos Obligados de la Administración Pública Centralizada '),(49,'236','Dirección General de Enlace con Sujetos Obligados de los Poderes Legislativo y Judicial '),(49,'237','Dirección General de Evaluación'),(49,'238','Dirección General de Gestión de Información y Estudios'),(49,'239','Dirección General de Gobierno Abierto y Trasparencia'),(49,'24','Departamento de Análisis de Desempeño'),(49,'240','Dirección General de Investigación y Verificación'),(49,'241','Dirección General de Normatividad y Consulta'),(49,'242','Dirección General de Planeación y Desempeño Institucional'),(49,'243','Dirección General de Políticas de Acceso'),(49,'244','Dirección General de Prevención y Autorregulación'),(49,'245','Dirección General de Promoción y de Vinculación con la Sociedad'),(49,'246','Dirección General de Protección de Derechos y Sanción '),(49,'247','Dirección General de Tecnologías de la Información'),(49,'248','Dirección General de Vinculación Coordinación y Colaboración con Entidades Federativas'),(49,'249','Dirección General Técnica Seguimiento y Normatividad del Sistema Nacional de Transparencia'),(49,'25','Departamento de Análisis de Protección de Datos A'),(49,'250','Enfermería'),(49,'251','Enlace de Ponencia A'),(49,'252','Enlace de Ponencia B'),(49,'253','Enlace de Ponencia C'),(49,'254','Enlace'),(49,'255','Jefe de Ponencia'),(49,'256','Proyectista de Acceso a la Información A'),(49,'257','Proyectista de Acceso a la Información B'),(49,'258','Proyectista de Acceso a la Información C'),(49,'259','Proyectista de Acceso a la Información D'),(49,'26','Departamento de Análisis de Protección de Datos B'),(49,'260','Proyectista de Protección de Datos A'),(49,'261','Proyectista de Protección de Datos B'),(49,'262','Secretaría de Acuerdos y Ponencia de Acceso a la Información'),(49,'263','Secretaría de Acuerdos y Ponencia de Datos Personales'),(49,'264','Secretaría Particular'),(49,'265','Secretaria'),(49,'266','Subdirección de Acompañamiento A'),(49,'267','Subdirección de Acompañamiento B'),(49,'268','Subdirección de Acompañamiento'),(49,'269','Subdirección de Adquisiciones y Control Patrimonial'),(49,'27','Departamento de Análisis Normativo'),(49,'270','Subdirección de Análisis de Resultados e Innovación del Desempeño'),(49,'271','Subdirección de Análisis del Cumplimiento'),(49,'272','Subdirección de Análisis y Estudios de Ponencia'),(49,'273','Subdirección de Análisis'),(49,'274','Subdirección de Aplicaciones Web'),(49,'275','Subdirección de Apoyo Técnico'),(49,'276','Subdirección de Asesoría y Obligaciones'),(49,'277','Subdirección de Asuntos Internacionales de Acceso'),(49,'278','Subdirección de Asuntos Internacionales de Datos'),(49,'279','Subdirección de Atención A'),(49,'28','Departamento de Análisis y Estudios de Ponencia A'),(49,'280','Subdirección de Atención a la Sociedad '),(49,'281','Subdirección de Atención B'),(49,'282','Subdirección de Auditoría Interna'),(49,'283','Subdirección de Auditoría para la Prevención'),(49,'284','Subdirección de Calidad e Implantación'),(49,'285','Subdirección de Certificación'),(49,'286','Subdirección de Colaboración Interinstitucional para la Capacitación'),(49,'287','Subdirección de Colaboración Interinstitucional para la Promoción'),(49,'288','Subdirección de Conciliación Foránea'),(49,'289','Subdirección de Conciliación Local'),(49,'29','Departamento de Análisis y Estudios de Ponencia B'),(49,'290','Subdirección de Consulta'),(49,'291','Subdirección de Control de Gestión e Información'),(49,'292','Subdirección de Control de Ingresos y Nómina'),(49,'293','Subdirección de Control Estadístico'),(49,'294','Subdirección de Control y Conservación del Archivo Institucional'),(49,'295','Subdirección de Convenios y Recomendaciones '),(49,'296','Subdirección de Coordinación para la Evaluación'),(49,'297','Subdirección de Coordinación y Seguimiento'),(49,'298','Subdirección de Criterios'),(49,'299','Subdirección de Cumplimientos de Medios de Impugnación'),(49,'3','Asesor Técnico'),(49,'30','Departamento de Análisis'),(49,'300','Subdirección de Derechos Humanos Igualdad y Género'),(49,'301','Subdirección de Desarrollo de Capacitación de Acceso'),(49,'302','Subdirección de Desarrollo de Políticas'),(49,'303','Subdirección de Desarrollo Organizacional'),(49,'304','Subdirección de Desarrollo y Programación de Capacitación de Datos'),(49,'305','Subdirección de Difusión de Criterios Atención y Enlace'),(49,'306','Subdirección de Divulgación y Logística'),(49,'307','Subdirección de Enlace con el Sector Privado'),(49,'308','Subdirección de Enlace con la Sociedad Organizada'),(49,'309','Subdirección de Enlace con Medios Electrónicos'),(49,'31','Departamento de Aplicaciones Web A'),(49,'310','Subdirección de Estudios'),(49,'311','Subdirección de Evaluación de Políticas'),(49,'312','Subdirección de Facilitación del Sector Público '),(49,'313','Subdirección de Facilitación '),(49,'314','Subdirección de Gestión A'),(49,'315','Subdirección de Gestión B'),(49,'316','Subdirección de Gestión'),(49,'317','Subdirección de Indicadores y Desempeño'),(49,'318','Subdirección de Integración de Criterios de Evaluación'),(49,'319','Subdirección de Integración Estadística'),(49,'32','Departamento de Aplicaciones Web B'),(49,'320','Subdirección de Integración y Cumplimiento'),(49,'321','Subdirección de Interpretación'),(49,'322','Subdirección de Investigación A'),(49,'323','Subdirección de Investigación B'),(49,'324','Subdirección de lo Consultivo'),(49,'325','Subdirección de lo Contencioso de Acceso'),(49,'326','Subdirección de lo Contencioso de Datos '),(49,'327','Subdirección de Mecanismos de Cocreación'),(49,'328','Subdirección de Medios'),(49,'329','Subdirección de Normatividad'),(49,'33','Departamento de Apoyo A'),(49,'330','Subdirección de Operaciones'),(49,'331','Subdirección de Planeación Estratégica '),(49,'332','Subdirección de Planeación Institucional'),(49,'333','Subdirección de Políticas de Gobierno Abierto'),(49,'334','Subdirección de Políticas de Privacidad '),(49,'335','Subdirección de Políticas'),(49,'336','Subdirección de Programación de Capacitación de Acceso'),(49,'337','Subdirección de Programación y Presupuesto'),(49,'338','Subdirección de Promoción y Vinculación con el Sector Privado'),(49,'339','Subdirección de Promoción y Vinculación con el Sector Público'),(49,'34','Departamento de Apoyo B'),(49,'340','Subdirección de Prospectiva Regulatoria'),(49,'341','Subdirección de Protección de Derechos'),(49,'342','Subdirección de Quejas A'),(49,'343','Subdirección de Quejas B'),(49,'344','Subdirección de Recursos de Revisión'),(49,'345','Subdirección de Registro '),(49,'346','Subdirección de Resolución y Control A'),(49,'347','Subdirección de Resolución y Control B'),(49,'348','Subdirección de Resoluciones de Acceso a la Información A'),(49,'349','Subdirección de Resoluciones de Acceso a la Información B'),(49,'35','Departamento de Apoyo Técnico de Vinculación'),(49,'350','Subdirección de Resoluciones de Protección de Datos'),(49,'351','Subdirección de Resoluciones en Materia de Protección de Derechos'),(49,'352','Subdirección de Resoluciones en Materia de Verificación'),(49,'353','Subdirección de Responsabilidades A'),(49,'354','Subdirección de Responsabilidades B '),(49,'355','Subdirección de Responsabilidades '),(49,'356','Subdirección de Sanciones A'),(49,'357','Subdirección de Sanciones B'),(49,'358','Subdirección de Seguimiento de Cumplimientos a EFFF'),(49,'359','Subdirección de Seguimiento de Cumplimientos a OPA y EP'),(49,'36','Departamento de Apoyo Técnico y Seguimiento A'),(49,'360','Subdirección de Seguimiento de Cumplimientos A'),(49,'361','Subdirección de Seguimiento de Cumplimientos B'),(49,'362','Subdirección de Seguimiento Institucional'),(49,'363','Subdirección de Seguimiento'),(49,'364','Subdirección de Seguridad de Datos Personales'),(49,'365','Subdirección de Seguridad de la Información'),(49,'366','Subdirección de Servicio Profesional'),(49,'367','Subdirección de Servicios Generales'),(49,'368','Subdirección de Sistemas de Acceso a la Información'),(49,'369','Subdirección de Sistemas de Protección de Datos'),(49,'37','Departamento de Apoyo Técnico y Seguimiento B'),(49,'370','Subdirección de Sustanciación A'),(49,'371','Subdirección de Sustanciación B'),(49,'372','Subdirección de Televisión'),(49,'373','Subdirección de Tesorería y Contabilidad'),(49,'374','Subdirección de Transparencia'),(49,'375','Subdirección de Verificación del Sector Público A'),(49,'376','Subdirección de Verificación del Sector Público B'),(49,'377','Subdirección de Verificación en Materia de Datos Personales A'),(49,'378','Subdirección de Verificación en Materia de Datos Personales B '),(49,'379','Subdirección de Verificación Voluntaria A'),(49,'38','Departamento de Apoyo Técnico'),(49,'380','Subdirección de Verificación Voluntaria B'),(49,'381','Subdirección de Verificación Voluntaria C'),(49,'382','Subdirección de Vinculación y Convenios '),(49,'39','Departamento de Asuntos Internacionales de Acceso A'),(49,'4','Auditor'),(49,'40','Departamento de Asuntos Internacionales de Acceso B'),(49,'41','Departamento de Asuntos Internacionales de Datos A'),(49,'42','Departamento de Asuntos Internacionales de Datos B'),(49,'43','Departamento de Atención a la Sociedad A'),(49,'44','Departamento de Atención a la Sociedad B'),(49,'45','Departamento de Atención A'),(49,'46','Departamento de Atención Procesal A'),(49,'47','Departamento de Atención Procesal B'),(49,'48','Departamento de Audiencias A'),(49,'49','Departamento de Audiencias B'),(49,'5','Auxiliar Administrativo'),(49,'50','Departamento de Calidad de Soluciones Tecnológicas'),(49,'51','Departamento de Certificación'),(49,'52','Departamento de Conservación'),(49,'53','Departamento de Consulta'),(49,'54','Departamento de Contabilidad'),(49,'55','Departamento de Contrataciones'),(49,'56','Departamento de Control de Gestión'),(49,'57','Departamento de Control de Ingresos y Nómina'),(49,'58','Departamento de Control Estadístico'),(49,'59','Departamento de Control Patrimonial'),(49,'6','Chofer'),(49,'60','Departamento de Control Presupuestal'),(49,'61','Departamento de Control'),(49,'62','Departamento de Convenios y Recomendaciones'),(49,'63','Departamento de Coordinación para la Evaluación'),(49,'64','Departamento de Criterios A'),(49,'65','Departamento de Criterios B'),(49,'66','Departamento de Derechos Humanos Igualdad y Género'),(49,'67','Departamento de Desarrollo de Capacitación de Acceso A'),(49,'68','Departamento de Desarrollo de Capacitación de Acceso B'),(49,'69','Departamento de Desarrollo de Sistemas de Protección de Datos'),(49,'7','Comisionada Presidenta'),(49,'70','Departamento de Desarrollo de Sistemas'),(49,'71','Departamento de Desarrollo y Programación de Capacitación de Datos'),(49,'72','Departamento de Diseño Gráfico'),(49,'73','Departamento de Enlace'),(49,'74','Departamento de Estudios A'),(49,'75','Departamento de Estudios B'),(49,'76','Departamento de Evaluación'),(49,'77','Departamento de Facilitación del Sector Público'),(49,'78','Departamento de Facilitación'),(49,'79','Departamento de Gestión A'),(49,'8','Comisionada'),(49,'80','Departamento de Gestión B'),(49,'81','Departamento de Gestión C'),(49,'82','Departamento de Gestión'),(49,'83','Departamento de Gobierno Abierto'),(49,'84','Departamento de Indicadores'),(49,'85','Departamento de Información'),(49,'86','Departamento de Integración'),(49,'87','Departamento de Integración de Criterios de Evaluación'),(49,'88','Departamento de Interpretación A'),(49,'89','Departamento de Interpretación B'),(49,'9','Comisionado'),(49,'90','Departamento de Investigación A '),(49,'91','Departamento de Investigación B'),(49,'92','Departamento de lo Consultivo A'),(49,'93','Departamento de lo Consultivo B'),(49,'94','Departamento de lo Contencioso de Acceso'),(49,'95','Departamento de lo Contencioso de Datos A'),(49,'96','Departamento de Mantenimiento'),(49,'97','Departamento de Mecanismos de Cocreación '),(49,'98','Departamento de Mecanismos de Transparencia'),(49,'99','Departamento de Monitoreo de Información Asistencia a Medios y Apoyo a Prensa '),(50,'1','Contraloría'),(50,'10','Dirección General de Asuntos Jurídicos'),(50,'11','Dirección General de Atención al Pleno'),(50,'12','Dirección General de Autorregulación'),(50,'13','Dirección General de Capacitación'),(50,'14','Dirección General de Capacitación, Promoción y Relaciones Institucionales'),(50,'15','Dirección General de Comunicación Social y Difusión'),(50,'16','Dirección General de Coordinación de Políticas de Acceso'),(50,'17','Dirección General de Coordinación y Vigilancia de la Administración Pública Federal'),(50,'18','Dirección General de Cumplimientos y Responsabilidades'),(50,'19','Dirección General de Enlace con Autoridades Laborales, Sindicatos, Personas Físicas y Morales'),(50,'2','Coordinación de Acceso a la Información'),(50,'20','Dirección General de Enlace con Organismos Electorales y Partidos Políticos'),(50,'21','Dirección General de Enlace con Organismos Públicos Autónomos, Empresas Paraestatales, Entidades Financieras, Fondos y Fideicomisos'),(50,'22','Dirección General de Enlace con Sujetos Obligados de la Administración Pública Centralizada'),(50,'23','Dirección General de Enlace con Sujetos Obligados de los Poderes Legislativo y Judicial'),(50,'24','Dirección General de Evaluación'),(50,'25','Dirección General de Gestión de Información y Estudios'),(50,'26','Dirección General de Gobierno Abierto y Transparencia'),(50,'27','Dirección General de Investigación y Verificación'),(50,'28','Dirección General de Normatividad Consulta y Atención Regional'),(50,'29','Dirección General de Normatividad y Consulta'),(50,'3','Coordinación de Protección de Datos Personales'),(50,'30','Dirección General de Planeación y Desempeño Institucional'),(50,'31','Dirección General de Políticas de Acceso'),(50,'32','Dirección General de Prevención y Autorregulación'),(50,'33','Dirección General de Promoción y de Vinculación con la Sociedad'),(50,'34','Dirección General de Protección de Derechos y Sanción'),(50,'35','Dirección General de Relaciones con Nuevos Sujetos Obligados y de Asesoría y Consulta'),(50,'36','Dirección General de Sustanciación y Sanción'),(50,'37','Dirección General de Tecnologías de la Información'),(50,'38','Dirección General de Verificación'),(50,'39','Dirección General de Vinculación, Coordinación y Colaboración con Entidades Federativas'),(50,'4','Coordinación del Secretariado Ejecutivo del SNT'),(50,'40','Dirección General Técnica Seguimiento y Normatividad del Sistema Nacional de Transparencia'),(50,'41','Dirección General Técnica, Seguimiento y Normatividad'),(50,'42','Pleno'),(50,'43','Ponencia Comisionada Areli Cano Guadiana'),(50,'44','Ponencia Comisionada María Patricia Kurczyn Villalobos'),(50,'45','Ponencia Comisionada Presidente Ximena Puente de la Mora'),(50,'46','Ponencia Comisionado Francisco Javier Acuña Llamas'),(50,'47','Ponencia Comisionado Joel Salas Suárez'),(50,'48','Ponencia Comisionado Oscar Mauricio Guerra Ford'),(50,'49','Ponencia Comisionado Rosendoevgueni Monterrey Chepov'),(50,'5','Coordinación Ejecutiva'),(50,'50','Secretaría de Acceso a la Información'),(50,'51','Secretaría de Protección de Datos Personales'),(50,'52','Secretaría General'),(50,'53','Secretaría Técnica del Pleno'),(50,'6','Coordinación Técnica del Pleno'),(50,'7','Dirección General de Administración'),(50,'8','Dirección General de Análisis Normativo y Evaluación de la Información'),(50,'9','Dirección General de Asuntos Internacionales'),(52,'1','Activo'),(52,'2','Inactivo'),(53,'1','Realizada'),(53,'2','Cancelada'),(54,'1','Terrestre'),(54,'2','Aéreo'),(54,'3','Aéreo y terrestre'),(55,'1','Técnico'),(55,'2','Alto nivel'),(56,'1','Sí'),(56,'2','No'),(57,'1','Más económica'),(57,'2','Menos económica'),(57,'3','Todas las zonas'),(58,'1','Anticipado'),(58,'2','Devengado'),(58,'3','Anticipado y devengado'),(59,'1','Sí'),(59,'2','No'),(60,'1','MXN'),(60,'2','USD'),(60,'3','EUR'),(72,'C','Cambio'),(72,'E','Bajas'),(72,'I','Altas');
/*!40000 ALTER TABLE `valores_dinamicos` ENABLE KEYS */;
UNLOCK TABLES;

--
-- Dumping data for table `viajes_claros_config`
--

LOCK TABLES `viajes_claros_config` WRITE;
/*!40000 ALTER TABLE `viajes_claros_config` DISABLE KEYS */;
INSERT INTO `viajes_claros_config` VALUES ('','aerolinea_ida'),('','aerolinea_regreso'),('','antecedentes_comision'),('','area_funcionario'),('','boleto_ida'),('','boleto_vuelta'),('','cargos_servicio_ida'),('','cargos_servicio_vuelta'),('','cargo_funcionario'),('','ciudad_destino'),('','ciudad_origen'),('','comparador'),('','comprobante_gasto'),('','concepto_gasto'),('','costo_boleto_ida'),('','costo_boleto_vuelta'),('','costo_cambio_ida'),('','costo_cambio_vuelta'),('','costo_total'),('','costo_total_hospedaje'),('','costo_viaticos'),('','cuenta_por_pagar'),('','desc_comision'),('','EDCA_fecha_actualizacion'),('','EDCO_actividades_realizadas'),('','EDCO_area_adscripcion'),('','EDCO_ciudad_de_destino'),('','EDCO_ciudad_de_origen'),('','EDCO_clave_de_partida'),('','EDCO_conclusiones'),('','EDCO_contribuciones'),('','EDCO_denominacion_del_cargo'),('','EDCO_denominacion_del_puesto'),('','EDCO_denominacion_de_comision'),('','EDCO_denominacion_de_partida'),('','EDCO_ejercicio'),('','EDCO_estado_de_destino'),('','EDCO_estado_de_origen'),('','EDCO_fecha_informe'),('','EDCO_fecha_validacion'),('','EDCO_hipervinculo_facturas'),('','EDCO_hipervinculo_informe'),('','EDCO_importe_acompaniantes'),('','EDCO_importe_no_erogado'),('','EDCO_importe_por_partida'),('','EDCO_importe_total_com'),('','EDCO_motivo_encargo'),('','EDCO_nivel_del_puesto'),('','EDCO_normatividad'),('','EDCO_numero_acompaniantes'),('','EDCO_pais_de_destino'),('','EDCO_pais_de_origen'),('','EDCO_periodo'),('','EDCO_periodo_actualizacion'),('','EDCO_resultados_obtenidos'),('','EDCO_sexo'),('','EDCO_tipo_de_miembro'),('','EDCO_tipo_de_viaje'),('','EDCO_ua_responsable'),('','estado_destino'),('','estado_origen'),('','estatus_boleto_ida'),('','estatus_boleto_vuelta'),('','factura_ida'),('','factura_vuelta'),('','fecha_compra_ida'),('','fecha_compra_vuelta'),('','fecha_gasto'),('','fecha_hora_regreso'),('','fecha_hora_salida'),('','fecha_regreso_comision'),('','fecha_salida_comision'),('','fecha_solicitud_cambio_ida'),('','fecha_solicitud_cambio_vuelta'),('','fecha_solicitud_comision'),('','fecha_solicitud_viaticos'),('','folio_reintegro'),('','gasto_pasaje'),('','homologacion'),('','hora_regreso_comision'),('','hora_salida_comision'),('','importe_gasto_pesos'),('','importe_moneda_gasto'),('','INAI_area_adscripcion'),('','INAI_cargo_autoridador'),('','INAI_clave_puesto'),('','INAI_correo_sp'),('','INAI_cve_programa_pre'),('','INAI_cve_proyecto_estrategico'),('','INAI_cve_ua'),('','INAI_denominacion_cargo'),('','INAI_denominacion_puesto'),('','INAI_dias_con_pernocta'),('','INAI_dias_sin_pernocta'),('','INAI_estatus_comision'),('','INAI_estatus_sp'),('','INAI_homologacion'),('','INAI_justificacion_homologacion'),('','INAI_moneda'),('','INAI_nombre_autorizador'),('','INAI_numero_acuerdo'),('','INAI_numero_oficio'),('','INAI_objetivo_especifico'),('','INAI_objetivo_estrategico'),('','INAI_organizador_evento'),('','INAI_programa_presupuestal'),('','INAI_proyecto_estrategico'),('','INAI_p_apellido_autoridador'),('','INAI_siglas'),('','INAI_s_apellido_autoridador'),('','INAI_tarifa_con_pernocta'),('','INAI_tarifa_sin_pernocta'),('','INAI_tarifa_viaticos'),('','INAI_tema'),('','INAI_tipo_de_miembro'),('','INAI_tipo_de_pago'),('','INAI_tipo_de_pasaje'),('','INAI_tipo_de_zona'),('','INAI_tipo_participacion'),('','INAI_vinculo_evento'),('','INAI_vinculo_notas_inf'),('','informe_contribucion'),('','informe_resultados'),('','moneda'),('','moneda_gasto'),('','monto_anticipado_viaticos'),('','monto_con_pernocta'),('','monto_letra'),('','monto_letra_gasto_pasaje'),('','monto_sin_pernocta'),('','motivo_comision'),('','nacionalidad'),('','nivel_homologacion'),('','nombre_evento'),('','nombre_hotel'),('','numero_documento_gasto'),('','num_acuerdo'),('','num_dias_con_pernocta'),('','num_dias_sin_pernocta'),('','num_vuelo'),('','num_vuelo_vuelta'),('','observaciones_gasto'),('','observaciones_pasaje'),('','observaciones_viaticos'),('','organizador'),('','pago_gasto'),('','pago_viaticos'),('','pais_destino'),('','pais_origen'),('','partida'),('','partida_pasajes'),('','periodo'),('','prueba'),('','reintegro_inai'),('','reintegro_pasaje'),('','reintegro_viaticos'),('','solicitud_cambio_ida'),('','solicitud_cambio_vuelta'),('','suma_pasaje_aereo'),('','suma_pasaje_terrestre'),('','suma_viaticos_efectivo'),('','suma_viaticos_sin_comprobante'),('','suma_viaticos_tarjeta'),('','tarifa_con_pernocta'),('','tarifa_correspondiente'),('','tarifa_sin_pernocta'),('','tipo_cambio_gasto'),('','tipo_de_cambio_viaticos'),('','tipo_documento_gasto'),('','tipo_invitado'),('','tipo_pago'),('','tipo_pasaje'),('','tipo_pasaje_ida'),('','tipo_pasaje_vuelta'),('','tipo_representacion'),('','tipo_viaje'),('','tipo_zona'),('','total_gastos_comision'),('','total_gastos_pasaje'),('','total_gastos_viaticos'),('','unidad_administrativa'),('','url_evento'),('','ViajesClaros_operacion'),('','viaje_redondo'),('','viaticos_comprobados'),('','viaticos_devueltos'),('','viaticos_sin_comprobar'),('','vigencia_boleto_ida'),('','vigencia_boleto_vuelta'),('','vinculo_internet'),('categoria','nombre_categoria'),('ciudades','nombre_ciudad'),('dependencias','nombre_dependencia'),('dependencias','siglas'),('estados','nombre_estado'),('paises','clave_pais'),('paises','nombre_pais'),('personas','apellido_materno'),('personas','apellido_paterno'),('personas','cargo'),('personas','fecha_ingreso'),('personas','nombres'),('tipo_persona','descripcion');
/*!40000 ALTER TABLE `viajes_claros_config` ENABLE KEYS */;
UNLOCK TABLES;
/*!40103 SET TIME_ZONE=@OLD_TIME_ZONE */;

/*!40101 SET SQL_MODE=@OLD_SQL_MODE */;
/*!40014 SET FOREIGN_KEY_CHECKS=@OLD_FOREIGN_KEY_CHECKS */;
/*!40014 SET UNIQUE_CHECKS=@OLD_UNIQUE_CHECKS */;
/*!40101 SET CHARACTER_SET_CLIENT=@OLD_CHARACTER_SET_CLIENT */;
/*!40101 SET CHARACTER_SET_RESULTS=@OLD_CHARACTER_SET_RESULTS */;
/*!40101 SET COLLATION_CONNECTION=@OLD_COLLATION_CONNECTION */;
/*!40111 SET SQL_NOTES=@OLD_SQL_NOTES */;





-- SE CARGAN LOS DATOS DE LA INTERFAZ DE CARGA MASIVA

--
-- Dumping data for table `interfaz_config`
--

INSERT INTO `interfaz_config` (tabla,campo,lista_habilitada,etiqueta,secuencia,id_dependencia,editable) VALUES ('','aerolinea_ida',1,'Aerolinea_ida',13,1,1),('','aerolinea_ida',0,'Aerolinea_Ida',1,3,1),('','aerolinea_regreso',0,'Aerolinea_regreso',14,1,1),('','antecedentes_comision',0,'Antecedentes_Comision',9,1,1),('','ciudad_destino',0,'Ciudad_Destino',16,1,1),('','ciudad_origen',0,'Ciudad_Origen',15,1,1),('','costo_total',0,'Costo_Total',6,1,1),('','costo_total',0,'costo_total',15,2,1),('','costo_total_hospedaje',0,'Costo_Total_Hospedaje',17,1,1),('','costo_viaticos',0,'costoViaticos',18,1,1),('','desc_comision',0,'descripcionComision',23,1,1),('','desc_comision',0,'Descripcion_Comision',13,2,1),('','EDCA_fecha_actualizacion',0,'Fecha_actualizacion',73,4,1),('','EDCA_fecha_actualizacion',0,'Fecha_actualizacion',41,5,1),('','EDCO_actividades_realizadas',0,'Actividades_realizadas',56,4,1),('','EDCO_actividades_realizadas',0,'Actividades_realizadas',32,5,1),('','EDCO_area_adscripcion',1,'Area_adscripcion',8,5,1),('','EDCO_ciudad_de_destino',1,'Ciudad_destino',35,4,1),('','EDCO_ciudad_de_destino',1,'Ciudad_destino',22,5,1),('','EDCO_ciudad_de_origen',1,'Ciudad_origen',32,4,1),('','EDCO_clave_de_partida',1,'Clave_de_partida',65,4,1),('','EDCO_clave_de_partida',1,'Clave_partida',26,5,1),('','EDCO_conclusiones',0,'Conclusiones',60,4,1),('','EDCO_conclusiones',0,'Conclusiones',35,5,1),('','EDCO_contribuciones',0,'Contribuciones',58,4,1),('','EDCO_contribuciones',0,'Contribuciones',34,5,1),('','EDCO_denominacion_del_cargo',1,'Denominacion_del_cargo',7,5,1),('','EDCO_denominacion_del_puesto',1,'Denominacion_del_puesto',6,5,1),('','EDCO_denominacion_de_comision',0,'Denominacion_comision',17,4,1),('','EDCO_denominacion_de_comision',0,'Denominacion_encargo',13,5,1),('','EDCO_denominacion_de_partida',1,'Denominacion_partida',66,4,1),('','EDCO_denominacion_de_partida',1,'Denominacion_partida',27,5,1),('','EDCO_ejercicio',0,'Ejercicio',2,4,1),('','EDCO_ejercicio',0,'Ejercicio',2,5,1),('','EDCO_estado_de_destino',1,'Estado_destino',34,4,1),('','EDCO_estado_de_destino',1,'Estado_destino',21,5,1),('','EDCO_estado_de_origen',0,'Estado_origen',31,4,1),('','EDCO_fecha_informe',0,'Fecha_informe',62,4,1),('','EDCO_fecha_informe',0,'Fecha_informe',31,5,1),('','EDCO_fecha_validacion',0,'Fecha_validacion',74,4,1),('','EDCO_fecha_validacion',0,'Fecha_validacion',42,5,1),('','EDCO_hipervinculo_facturas',0,'Hipervinculo_facturas',63,4,1),('','EDCO_hipervinculo_facturas',0,'Hipervinculo_facturas',37,5,1),('','EDCO_hipervinculo_informe',0,'Hipervinculo_informe',61,4,1),('','EDCO_hipervinculo_informe',0,'Hipervinculo_informe',36,5,1),('','EDCO_importe_acompaniantes',0,'Importe_acompaniantes',70,4,1),('','EDCO_importe_acompaniantes',0,'Importe_acompaniantes',16,5,1),('','EDCO_importe_no_erogado',0,'Importe_no_erogado',68,4,1),('','EDCO_importe_no_erogado',0,'Importe_no_erogado',30,5,1),('','EDCO_importe_por_partida',0,'Importe_por_partida',67,4,1),('','EDCO_importe_por_partida',0,'Importe_partida',28,5,1),('','EDCO_importe_total_com',0,'Importe_total_comision',67,4,1),('','EDCO_importe_total_com',0,'Importe_total',29,5,1),('','EDCO_motivo_encargo',0,'Motivo',20,4,1),('','EDCO_motivo_encargo',0,'Motivo',23,5,1),('','EDCO_nivel_del_puesto',1,'Nivel_del_puesto',5,5,1),('','EDCO_normatividad',0,'Hipervinculo_normatividad',64,4,1),('','EDCO_normatividad',0,'Hipervinculo_normatividad',38,5,1),('','EDCO_numero_acompaniantes',0,'Numero_acompaniantes',69,4,1),('','EDCO_numero_acompaniantes',0,'Numero_acompaniantes',15,5,1),('','EDCO_pais_de_destino',1,'Pais_destino',33,4,1),('','EDCO_pais_de_destino',1,'Pais_destino',20,5,1),('','EDCO_pais_de_origen',1,'Pais_origen',30,4,1),('','EDCO_periodo',1,'Periodo_reportado',3,4,1),('','EDCO_periodo',1,'Periodo',3,5,1),('','EDCO_periodo_actualizacion',0,'Periodo_actualizacion',71,4,1),('','EDCO_periodo_actualizacion',1,'Periodo_actualizacion',39,5,1),('','EDCO_resultados_obtenidos',0,'Resultados_obtenidos',57,4,1),('','EDCO_resultados_obtenidos',0,'Resultados_obtenidos',33,5,1),('','EDCO_sexo',1,'Sexo',14,4,1),('','EDCO_sexo',1,'Sexo',12,5,1),('','EDCO_tipo_de_miembro',1,'Tipo_de_miembro',4,5,1),('','EDCO_tipo_de_viaje',1,'Tipo_de_viaje',20,4,1),('','EDCO_tipo_de_viaje',1,'Tipo_de_viaje',14,5,1),('','EDCO_ua_responsable',0,'UA_responsable_publicar',72,4,1),('','EDCO_ua_responsable',1,'UA_responsable',40,5,1),('','fecha_hora_regreso',0,'Fecha_Hora_Regreso',12,1,0),('','fecha_hora_regreso',0,'Fecha_Hora_Regreso',12,2,1),('','fecha_hora_regreso',0,'Fecha_hora_regreso',22,4,1),('','fecha_hora_regreso',0,'Fecha_hora_regreso',25,5,1),('','fecha_hora_salida',0,'Fecha_Hora_Salida',11,1,0),('','fecha_hora_salida',0,'Fecha_Hora_Salida',11,2,0),('','fecha_hora_salida',0,'Fecha_hora_salida',21,4,1),('','fecha_hora_salida',0,'Fecha_hora_salida',24,5,1),('','INAI_area_adscripcion',1,'Area_adscripcion',8,4,1),('','INAI_cargo_autoridador',0,'Cargo_autorizador',26,4,1),('','INAI_clave_puesto',1,'Clave_puesto',5,4,1),('','INAI_correo_sp',0,'Correo',13,4,1),('','INAI_cve_programa_pre',1,'Cve_programa_presupuestal',49,4,1),('','INAI_cve_proyecto_estrategico',1,'Cve_proyecto_estrategico',51,4,1),('','INAI_cve_ua',1,'Clave_ua',47,4,1),('','INAI_denominacion_cargo',0,'Denominacion_cargo',7,4,1),('','INAI_denominacion_puesto',1,'Denominacion_puesto',6,4,1),('','INAI_dias_con_pernocta',0,'Dias_con_pernocta',40,4,1),('','INAI_dias_sin_pernocta',0,'Dias_sin_pernocta',42,4,1),('','INAI_estatus_comision',0,'Estatus_comision',27,4,1),('','INAI_estatus_sp',0,'Estatus',15,4,1),('','INAI_homologacion',1,'Homologacion',36,4,1),('','INAI_justificacion_homologacion',0,'Justificacion_homologacion',37,4,1),('','INAI_moneda',1,'Moneda',45,4,1),('','INAI_nombre_autorizador',0,'Nombre_autorizador',23,4,1),('','INAI_numero_acuerdo',0,'Numero_acuerdo_pleno',46,4,1),('','INAI_numero_oficio',0,'Numero_oficio',16,4,1),('','INAI_objetivo_especifico',0,'Objetivo_especifico',53,4,1),('','INAI_objetivo_estrategico',1,'Objetivo_estrategico',52,4,1),('','INAI_organizador_evento',0,'Organizador_evento',18,4,1),('','INAI_programa_presupuestal',1,'Programa_presupuestal',48,4,1),('','INAI_proyecto_estrategico',1,'Proyecto_estrategico',50,4,1),('','INAI_p_apellido_autoridador',0,'PApellido_autorizador',24,4,1),('','INAI_siglas',1,'Siglas',9,4,1),('','INAI_s_apellido_autoridador',0,'SApellido_autorizador',25,4,1),('','INAI_tarifa_con_pernocta',0,'Tarifa_con_pernocta',39,4,1),('','INAI_tarifa_sin_pernocta',0,'Tarifa_sin_pernocta',41,4,1),('','INAI_tarifa_viaticos',0,'Viaticos_correspondientes',43,4,1),('','INAI_tema',1,'Tema',54,4,1),('','INAI_tipo_de_miembro',1,'Tipo_de_miembro',4,4,1),('','INAI_tipo_de_pago',1,'Tipo_de_pago',44,4,1),('','INAI_tipo_de_pasaje',1,'Tipo_de_pasaje',29,4,1),('','INAI_tipo_de_zona',1,'Tipo_de_zona',38,4,1),('','INAI_tipo_participacion',1,'Tipo_participacion',55,4,1),('','INAI_vinculo_evento',0,'Hipervinculo_evento',19,4,1),('','informe_contribucion',0,'informeContribucion',19,1,1),('','informe_resultados',0,'informeResultados',20,1,1),('','motivo_comision',0,'motivoComision',21,1,1),('','nombre_evento',0,'nombreEvento',22,1,1),('','nombre_hotel',0,'nombreHotel',24,1,1),('','operacion',0,'Operacion',14,2,0),('','pais_destino',0,'paisDestino',26,1,1),('','pais_origen',0,'paisOrigen',25,1,1),('','tipo_pago',0,'Tipo_de_Pago',10,2,1),('','tipo_pasaje',0,'Tipo_Pasaje',8,1,1),('','tipo_viaje',0,'Tipo_Viaje',7,1,1),('','tipo_zona',0,'Tipo_de_Zona',9,2,1),('','ViajesClaros_operacion',1,'Operacion',75,4,1),('','viaje_redondo',0,'Operacion',50,5,1),('ciudades','nombre_ciudad',1,'Ciudad',8,2,1),('ciudades','nombre_ciudad',0,'Ciudad_origen',19,5,1),('dependencias','nombre_dependencia',1,'Sujeto_obligado',1,4,1),('dependencias','nombre_dependencia',1,'Sujeto_obligado',1,5,1),('dependencias','siglas',1,'Dependencia',1,1,0),('dependencias','siglas',1,'Dependencia',1,2,0),('estados','nombre_estado',1,'Estado',6,2,1),('estados','nombre_estado',1,'Estado_origen',18,5,1),('paises','nombre_pais',1,'Pais',7,2,1),('paises','nombre_pais',1,'Pais_origen',17,5,1),('personas','apellido_materno',0,'Apellido_Materno',4,1,0),('personas','apellido_materno',0,'Apellido_Materno',4,2,0),('personas','apellido_materno',0,'Segundo_apellido',12,4,1),('personas','apellido_materno',0,'Segundo_apellido',11,5,1),('personas','apellido_paterno',0,'Apellido_Paterno',3,1,0),('personas','apellido_paterno',0,'Apellido_Paterno',3,2,0),('personas','apellido_paterno',0,'Primer_apellido',11,4,1),('personas','apellido_paterno',0,'Primer_apellido',10,5,1),('personas','cargo',0,'Cargo_Funcionario',5,1,1),('personas','nombres',0,'Nombre_Persona',2,1,0),('personas','nombres',0,'Nombre_Persona',2,2,0),('personas','nombres',0,'Nombre',10,4,1),('personas','nombres',0,'Nombre',9,5,1),('tipo_persona','descripcion',1,'Tipo',5,2,1);





-- Dump completed on 2016-03-04 13:04:25
